date,average_temperature_f,states_reporting,station_observations
2018-01-01,13.601649197996975,47,2132
2018-01-02,16.34149712320389,47,2127
2018-01-03,22.3574323484441,47,2128
2018-01-04,22.874673601164297,47,2130
2018-01-05,21.42165344568384,47,2132
2018-01-06,20.456620841085986,47,2133
2018-01-07,25.093552398019632,47,2128
2018-01-08,33.83906025144284,47,2132
2018-01-09,38.10106603511588,47,2130
2018-01-10,38.414721569564705,47,2130
2018-01-11,40.13647380028738,47,2129
2018-01-12,35.48860383010417,47,2124
2018-01-13,27.539735374098886,47,2128
2018-01-14,23.5614084425686,47,2125
2018-01-15,23.738371822904593,47,2127
2018-01-16,22.583419858896672,47,2128
2018-01-17,24.381001080127913,47,2129
2018-01-18,28.10545375320389,47,2130
2018-01-19,33.442308608418884,47,2125
2018-01-20,38.04944724839017,47,2127
2018-01-21,39.07626400822141,47,2129
2018-01-22,39.03656504167594,47,2128
2018-01-23,37.1122562540233,47,2130
2018-01-24,34.25806638582618,47,2130
2018-01-25,32.7589485384763,47,2126
2018-01-26,35.04749453718751,47,2127
2018-01-27,39.07621505151551,47,2132
2018-01-28,39.915425562343785,47,2132
2018-01-29,35.256942419078776,47,2134
2018-01-30,31.742157609706922,47,2134
2018-01-31,33.23748172514825,47,2133
2018-02-01,35.27432139468781,48,2137
2018-02-02,29.676711002916818,48,2138
2018-02-03,29.461163895577773,48,2135
2018-02-04,33.23474607199168,48,2134
2018-02-05,29.897530677306406,48,2133
2018-02-06,29.15433927983929,48,2135
2018-02-07,31.373535849482295,48,2135
2018-02-08,31.402698102709167,48,2137
2018-02-09,31.671631537887478,48,2137
2018-02-10,33.539030894665636,48,2137
2018-02-11,34.72924692582556,48,2135
2018-02-12,31.541216543144316,48,2136
2018-02-13,32.23667934093149,48,2136
2018-02-14,40.694502828646684,48,2135
2018-02-15,44.830098431815976,48,2135
2018-02-16,41.01947846535193,48,2136
2018-02-17,36.61987981938619,48,2136
2018-02-18,37.16629226098415,48,2135
2018-02-19,37.98380992931689,48,2128
2018-02-20,41.41395755686768,48,2134
2018-02-21,40.20046363754732,48,2136
2018-02-22,37.552214427638546,48,2134
2018-02-23,37.53964877639987,48,2137
2018-02-24,40.21290531723958,48,2136
2018-02-25,39.62402542815363,48,2134
2018-02-26,40.49471468320967,48,2137
2018-02-27,41.04884502798843,48,2137
2018-02-28,43.42335729908316,48,2136
2018-03-01,43.461619927385506,47,2133
2018-03-02,39.84931811042851,47,2129
2018-03-03,40.21384595652029,47,2128
2018-03-04,39.402000368156706,47,2132
2018-03-05,37.78137179720867,47,2131
2018-03-06,37.14623678799752,47,2133
2018-03-07,35.21396514699265,47,2135
2018-03-08,34.98410012698075,47,2134
2018-03-09,37.20107186515891,47,2134
2018-03-10,39.610680340861244,47,2133
2018-03-11,39.56450300508175,47,2134
2018-03-12,37.57224432705854,47,2135
2018-03-13,37.14458436337683,47,2135
2018-03-14,37.584946455516786,47,2132
2018-03-15,40.155583341284085,47,2134
2018-03-16,39.78139885756584,47,2133
2018-03-17,39.891472311953954,47,2132
2018-03-18,39.24695119548497,47,2134
2018-03-19,40.286616763467954,47,2134
2018-03-20,38.671386953251954,47,2134
2018-03-21,38.28794254586056,47,2133
2018-03-22,41.32833727467367,47,2131
2018-03-23,42.316658152699546,47,2131
2018-03-24,42.14975919015844,47,2131
2018-03-25,40.24040660193242,47,2131
2018-03-26,40.84631795054595,47,2132
2018-03-27,43.553980245930475,47,2132
2018-03-28,46.567570943234806,47,2131
2018-03-29,47.391424438912324,47,2131
2018-03-30,46.47408511999722,47,2130
2018-03-31,44.77493158986272,47,2130
2018-04-01,44.00769075393143,48,2132
2018-04-02,41.44510536550631,48,2132
2018-04-03,43.993544286085346,48,2133
2018-04-04,43.175352370871316,48,2135
2018-04-05,41.28924433055183,48,2136
2018-04-06,42.327121952519185,48,2134
2018-04-07,39.660381126852826,48,2132
2018-04-08,38.00180360816441,48,2133
2018-04-09,40.96660795512136,48,2132
2018-04-10,44.223211141570026,48,2132
2018-04-11,47.74295152632482,48,2132
2018-04-12,51.2992644372653,48,2131
2018-04-13,52.727400940679736,48,2133
2018-04-14,49.33380243198246,48,2132
2018-04-15,43.367759772004895,48,2133
2018-04-16,41.94522634902696,48,2133
2018-04-17,43.67768186361938,48,2134
2018-04-18,47.237805967706656,48,2136
2018-04-19,46.574498493927955,48,2136
2018-04-20,45.881038786448975,48,2135
2018-04-21,49.40775288783879,48,2136
2018-04-22,52.05032562946712,48,2135
2018-04-23,53.19879053709499,48,2136
2018-04-24,54.02832849364293,48,2136
2018-04-25,54.13759671854397,48,2138
2018-04-26,54.649538260447834,48,2137
2018-04-27,54.97107072625921,48,2138
2018-04-28,54.794040945955835,48,2138
2018-04-29,52.62252115401711,48,2138
2018-04-30,53.32404114238835,48,2137
2018-05-01,57.348332722848845,48,2138
2018-05-02,62.363247625642146,48,2134
2018-05-03,63.35934587755212,48,2137
2018-05-04,64.05609122781557,48,2136
2018-05-05,63.3037629448821,48,2136
2018-05-06,62.715733176069726,48,2136
2018-05-07,62.807192290477445,48,2135
2018-05-08,63.32411032491543,48,2134
2018-05-09,64.09012827012462,48,2135
2018-05-10,62.65254557525754,48,2135
2018-05-11,60.93120336849716,48,2138
2018-05-12,60.57203403401288,48,2138
2018-05-13,61.65582921575312,48,2138
2018-05-14,64.65399555690091,48,2137
2018-05-15,65.86229134489801,48,2136
2018-05-16,64.51670080752237,48,2138
2018-05-17,63.981567940702895,48,2136
2018-05-18,62.51827743927985,48,2139
2018-05-19,60.87008677777558,48,2139
2018-05-20,63.53461232988288,48,2139
2018-05-21,64.22530984319812,48,2137
2018-05-22,64.66447878031629,48,2136
2018-05-23,66.68177404202346,48,2137
2018-05-24,67.77300955533227,48,2137
2018-05-25,69.5322820834693,48,2136
2018-05-26,70.51042416448576,48,2134
2018-05-27,68.61468319574618,48,2135
2018-05-28,67.38002617553126,48,2135
2018-05-29,69.51089860382963,48,2135
2018-05-30,69.09195472415635,48,2135
2018-05-31,69.01560300827498,48,2135
2018-06-01,69.14634747868524,48,2137
2018-06-02,69.19718981303406,48,2136
2018-06-03,67.0996585458257,48,2136
2018-06-04,65.05251938569803,48,2134
2018-06-05,66.09598180974069,48,2135
2018-06-06,66.65526898014309,48,2135
2018-06-07,67.74312192845068,48,2136
2018-06-08,69.73813891500639,48,2135
2018-06-09,70.11659338023104,48,2136
2018-06-10,67.9776775014426,48,2136
2018-06-11,66.46979883279631,48,2135
2018-06-12,67.76836045705679,48,2134
2018-06-13,70.67912246634685,48,2135
2018-06-14,71.53482083526775,48,2135
2018-06-15,70.04801142040672,48,2136
2018-06-16,70.57872437923157,48,2135
2018-06-17,71.51854153929115,48,2137
2018-06-18,72.41676471541008,48,2136
2018-06-19,72.23190906257095,48,2133
2018-06-20,71.03075819324546,48,2132
2018-06-21,70.71216023169355,48,2132
2018-06-22,69.40842737839829,48,2134
2018-06-23,68.68749570476126,48,2134
2018-06-24,70.16526133912906,48,2134
2018-06-25,70.3424537293278,48,2132
2018-06-26,70.48417185525547,48,2133
2018-06-27,72.1697234865029,48,2130
2018-06-28,73.44723938413036,48,2130
2018-06-29,74.23474581282164,48,2133
2018-06-30,74.8145857640746,48,2133
2018-07-01,74.96106911659818,48,2133
2018-07-02,74.92114647605341,48,2132
2018-07-03,75.23606937103371,48,2134
2018-07-04,76.27175560252851,48,2133
2018-07-05,76.45222153518228,48,2133
2018-07-06,74.73511658879238,48,2131
2018-07-07,71.66673311913529,48,2134
2018-07-08,72.40834879477674,48,2134
2018-07-09,74.10238952007039,48,2133
2018-07-10,75.33436662758999,48,2133
2018-07-11,75.02258540698548,48,2131
2018-07-12,73.9898053707277,48,2132
2018-07-13,74.73719020827673,48,2134
2018-07-14,74.86222380125896,48,2134
2018-07-15,74.73922596485875,48,2134
2018-07-16,75.24252665651667,48,2134
2018-07-17,74.53283972970652,48,2133
2018-07-18,73.42015178899474,48,2134
2018-07-19,73.26130547455216,48,2133
2018-07-20,73.80766840788071,48,2132
2018-07-21,72.64440086819731,48,2131
2018-07-22,72.36426655336511,48,2130
2018-07-23,73.70798539817388,48,2127
2018-07-24,74.58222769308911,48,2127
2018-07-25,74.16320255952266,48,2128
2018-07-26,73.42883887857867,48,2127
2018-07-27,72.64624257690298,48,2130
2018-07-28,72.10103950248516,48,2131
2018-07-29,71.8216679270884,48,2130
2018-07-30,71.58459597697525,48,2130
2018-07-31,72.08786225998394,48,2132
2018-08-01,72.06218256963109,48,2128
2018-08-02,72.95835488640516,48,2132
2018-08-03,73.26567812991803,48,2136
2018-08-04,73.91878911865723,48,2134
2018-08-05,74.97086462472923,48,2132
2018-08-06,75.56982341959785,48,2129
2018-08-07,75.40194948257387,48,2129
2018-08-08,75.31811638349247,48,2131
2018-08-09,75.62096448129822,48,2130
2018-08-10,75.04572161016871,48,2129
2018-08-11,73.61098661946671,48,2131
2018-08-12,73.23669666078864,48,2132
2018-08-13,72.59299644408867,48,2133
2018-08-14,72.137212075091,48,2132
2018-08-15,73.20407646176302,48,2131
2018-08-16,74.47293356194113,48,2133
2018-08-17,73.59888209844745,48,2131
2018-08-18,72.71910454205313,48,2131
2018-08-19,70.76230294665785,48,2130
2018-08-20,69.89254678564822,48,2130
2018-08-21,69.06834163876843,48,2129
2018-08-22,69.1818524821201,48,2133
2018-08-23,68.14287032491399,48,2133
2018-08-24,68.76525423040194,48,2131
2018-08-25,70.38163179314982,48,2132
2018-08-26,71.53086729894586,48,2131
2018-08-27,72.6519093125073,48,2129
2018-08-28,72.98311012900696,48,2130
2018-08-29,72.8685477355854,48,2129
2018-08-30,72.01460428562451,48,2128
2018-08-31,70.518967264534,48,2129
2018-09-01,70.50947806658561,48,2129
2018-09-02,71.12817175045087,48,2129
2018-09-03,72.70297419281468,48,2129
2018-09-04,72.9256196256748,48,2128
2018-09-05,72.32411516853522,48,2126
2018-09-06,71.74887188096668,48,2126
2018-09-07,69.69471421284034,48,2127
2018-09-08,66.90760409282034,47,2125
2018-09-09,64.20714033701837,47,2124
2018-09-10,64.4980206793747,48,2126
2018-09-11,66.63431194878338,48,2124
2018-09-12,68.06626748225769,48,2124
2018-09-13,68.79127023764545,48,2124
2018-09-14,69.76088199843956,48,2124
2018-09-15,70.45033287991372,48,2123
2018-09-16,70.53504837937224,48,2122
2018-09-17,70.25521715322235,48,2121
2018-09-18,70.05498373298573,48,2125
2018-09-19,67.74104097567489,48,2124
2018-09-20,66.64190716980501,48,2121
2018-09-21,66.12263854464352,48,2124
2018-09-22,63.80787975283193,48,2123
2018-09-23,61.0160245419008,48,2121
2018-09-24,61.12309240776568,48,2121
2018-09-25,62.43732511770191,48,2125
2018-09-26,63.874040958823805,48,2124
2018-09-27,61.41422683926536,48,2126
2018-09-28,59.52556465237904,48,2122
2018-09-29,59.04327240466824,48,2122
2018-09-30,59.34880832457952,48,2122
2018-10-01,61.55636307805546,48,2122
2018-10-02,63.20264585661093,48,2120
2018-10-03,64.30853360659715,48,2121
2018-10-04,61.06594050774222,48,2124
2018-10-05,58.79105608008782,48,2125
2018-10-06,58.87425272209367,48,2126
2018-10-07,59.61744689871862,48,2126
2018-10-08,59.58666665635005,48,2126
2018-10-09,60.759406736172544,48,2124
2018-10-10,59.46002984220851,48,2122
2018-10-11,55.113437542173806,48,2123
2018-10-12,50.846524649633814,48,2125
2018-10-13,48.21127512424447,48,2124
2018-10-14,47.249649241096535,48,2122
2018-10-15,49.12493480763376,48,2122
2018-10-16,49.838782270048576,48,2122
2018-10-17,50.131811331962986,48,2123
2018-10-18,48.98373471477097,48,2122
2018-10-19,51.211108050718224,48,2123
2018-10-20,53.45664206943428,48,2122
2018-10-21,47.11979232031582,48,2122
2018-10-22,47.15543659069403,48,2124
2018-10-23,49.46226093402459,48,2126
2018-10-24,47.78270677489207,48,2123
2018-10-25,46.64612799755599,48,2123
2018-10-26,47.439802195949454,48,2120
2018-10-27,49.25355900666511,48,2120
2018-10-28,50.66232447227531,48,2119
2018-10-29,50.198402990801206,48,2121
2018-10-30,48.20748753007365,48,2119
2018-10-31,48.76965706314517,48,2119
2018-11-01,50.25696602636154,47,2113
2018-11-02,49.686294177916025,47,2115
2018-11-03,46.77370317849823,47,2116
2018-11-04,45.75195159828767,47,2114
2018-11-05,47.432278898650075,47,2113
2018-11-06,48.56254200772757,47,2114
2018-11-07,45.43190930749301,47,2113
2018-11-08,41.16487939286815,47,2114
2018-11-09,38.098850216267046,47,2114
2018-11-10,35.053877763664275,47,2114
2018-11-11,34.02240058496973,47,2112
2018-11-12,33.88415278257469,47,2109
2018-11-13,35.36169023277564,47,2110
2018-11-14,34.68538495438589,47,2110
2018-11-15,35.19278729316107,47,2109
2018-11-16,37.66038350479003,47,2110
2018-11-17,37.09043388921558,47,2111
2018-11-18,35.894612900714925,47,2111
2018-11-19,37.52183819000413,47,2110
2018-11-20,37.65969558947866,47,2110
2018-11-21,36.67698004111503,47,2110
2018-11-22,34.82225407865673,47,2111
2018-11-23,36.672693530751026,47,2087
2018-11-24,39.81922338321584,46,2015
2018-11-25,39.49541376941105,46,2017
2018-11-26,36.058853684179326,46,2013
2018-11-27,33.484452849657686,46,2016
2018-11-28,33.783316061216745,46,2016
2018-11-29,37.66459387154145,46,2015
2018-11-30,40.264827096438786,46,2013
2018-12-01,40.75119164839026,47,2016
2018-12-02,41.48563841238236,47,2016
2018-12-03,38.126698471541246,47,2017
2018-12-04,31.856053775477488,47,2023
2018-12-05,29.268930103676976,47,2024
2018-12-06,29.934988033899224,47,2022
2018-12-07,30.750040574477225,47,2022
2018-12-08,28.898165158298347,47,2021
2018-12-09,29.31981963854208,47,2021
2018-12-10,30.509182651449358,47,2022
2018-12-11,31.251352329939877,47,2023
2018-12-12,34.462884738182495,47,2021
2018-12-13,35.97990454337607,47,2021
2018-12-14,39.60290118010229,47,2018
2018-12-15,41.82795200530168,47,2018
2018-12-16,40.38597188907402,47,2018
2018-12-17,38.88253370204541,47,2018
2018-12-18,36.77793631186146,47,2019
2018-12-19,37.27675065663107,47,2018
2018-12-20,39.440668175194894,47,2019
2018-12-21,40.61732062744784,47,2018
2018-12-22,37.148270043740276,47,2019
2018-12-23,35.178111576585444,47,2018
2018-12-24,34.54522337380911,47,2019
2018-12-25,34.26513324420949,47,2018
2018-12-26,34.4150998113901,47,2019
2018-12-27,35.88725153697532,47,2013
2018-12-28,35.927966822948754,47,2013
2018-12-29,34.289474846924556,47,2015
2018-12-30,33.93118518602861,47,2014
2018-12-31,34.75960702612769,47,2015
2019-01-01,33.53690256618322,47,2127
2019-01-02,31.906692526877645,47,2126
2019-01-03,36.38854766038413,47,2126
2019-01-04,38.69828674877011,47,2127
2019-01-05,39.532713079773956,47,2126
2019-01-06,39.091987890892696,47,2123
2019-01-07,38.184102299562944,47,2126
2019-01-08,40.061367584017525,47,2125
2019-01-09,35.79687977715017,47,2127
2019-01-10,31.20540428869767,47,2127
2019-01-11,29.53506371480532,47,2128
2019-01-12,29.95724521616654,47,2128
2019-01-13,29.664812452845243,47,2127
2019-01-14,28.58391039704316,47,2126
2019-01-15,30.087143630503856,47,2126
2019-01-16,31.693538911762356,47,2127
2019-01-17,32.0337157275898,47,2127
2019-01-18,32.959326672313225,47,2126
2019-01-19,31.400983785731302,47,2125
2019-01-20,26.494773756811128,47,2126
2019-01-21,20.185094773871793,47,2124
2019-01-22,25.368926663251628,47,2125
2019-01-23,32.56861016262452,47,2127
2019-01-24,32.82274377198644,47,2121
2019-01-25,26.583885374577342,47,2125
2019-01-26,27.374305140670636,47,2127
2019-01-27,30.927591662496283,47,2124
2019-01-28,29.67004464240973,47,2123
2019-01-29,23.77444390867968,47,2123
2019-01-30,19.818214017378775,47,2122
2019-01-31,20.094974307989595,47,2122
2019-02-01,28.348776320048337,47,2125
2019-02-02,34.37647359698539,47,2125
2019-02-03,39.16823494001903,47,2124
2019-02-04,39.25655153772424,47,2120
2019-02-05,37.660618509349796,47,2115
2019-02-06,35.528942143926514,47,2115
2019-02-07,33.63011232827269,47,2118
2019-02-08,28.341691435756992,47,2122
2019-02-09,24.468182771072826,47,2119
2019-02-10,27.17488294919921,47,2117
2019-02-11,31.705746349596442,47,2120
2019-02-12,33.36441976261786,47,2119
2019-02-13,33.89887974017492,47,2121
2019-02-14,36.397363008323126,47,2122
2019-02-15,35.25294449756843,47,2115
2019-02-16,31.35094395340217,47,2115
2019-02-17,28.835203418592073,47,2114
2019-02-18,27.064848320666872,47,2118
2019-02-19,24.41593573921653,47,2122
2019-02-20,29.016778222878187,47,2121
2019-02-21,33.241314592401366,47,2122
2019-02-22,34.23998483134016,47,2122
2019-02-23,35.853232362970424,47,2120
2019-02-24,35.4105832717389,47,2121
2019-02-25,30.60995525555153,47,2121
2019-02-26,30.683074222934476,47,2120
2019-02-27,32.094037541235004,47,2120
2019-02-28,31.871316925791373,47,2124
2019-03-01,32.399594236934526,48,2126
2019-03-02,31.998166695922702,48,2128
2019-03-03,28.663581568956356,48,2129
2019-03-04,24.179310796755484,48,2129
2019-03-05,24.357386709094953,48,2131
2019-03-06,25.996553493919237,48,2131
2019-03-07,29.142436068886667,48,2130
2019-03-08,33.59500999255525,48,2131
2019-03-09,37.60325774786144,48,2131
2019-03-10,39.57991585700679,48,2130
2019-03-11,40.71142521178664,48,2130
2019-03-12,40.45402018386555,48,2130
2019-03-13,41.38911195821976,48,2129
2019-03-14,45.14967151244452,48,2130
2019-03-15,44.617761120984,48,2129
2019-03-16,40.55786664643197,48,2129
2019-03-17,38.80409344857495,48,2130
2019-03-18,39.093817371814716,48,2129
2019-03-19,40.25136902042085,48,2129
2019-03-20,42.2334580757823,48,2128
2019-03-21,43.9131726162504,48,2130
2019-03-22,43.066532371464696,48,2129
2019-03-23,42.6638816379337,48,2130
2019-03-24,45.18185184988238,48,2129
2019-03-25,45.49468646827497,48,2129
2019-03-26,42.993310023114645,48,2129
2019-03-27,44.66280501337453,48,2130
2019-03-28,47.03778174987013,48,2123
2019-03-29,47.43458891767664,48,2128
2019-03-30,46.69765630638332,48,2126
2019-03-31,42.61381361156525,48,2127
2019-04-01,39.54944071851738,47,2127
2019-04-02,42.70225087726657,47,2129
2019-04-03,46.6512612758153,47,2127
2019-04-04,48.45551792004753,47,2128
2019-04-05,48.39273787356666,47,2128
2019-04-06,51.546802847034684,47,2130
2019-04-07,55.00028536622951,47,2127
2019-04-08,55.977268997390915,47,2122
2019-04-09,52.80857214980896,47,2119
2019-04-10,48.922321533848255,47,2117
2019-04-11,46.990573199206615,47,2110
2019-04-12,47.87924144275057,47,2112
2019-04-13,50.47930695799904,47,2121
2019-04-14,50.227314335469224,47,2118
2019-04-15,49.41001427387221,47,2120
2019-04-16,51.611056725199916,47,2117
2019-04-17,54.46413362403379,47,2119
2019-04-18,54.84054195342987,47,2118
2019-04-19,55.849816634269274,47,2117
2019-04-20,54.334489855559205,47,2119
2019-04-21,54.453869069620744,47,2120
2019-04-22,56.10279438848084,47,2118
2019-04-23,57.33365480568155,47,2118
2019-04-24,57.50290995868384,47,2117
2019-04-25,56.881444474588456,47,2118
2019-04-26,54.8170069362616,47,2119
2019-04-27,52.29357523462838,47,2120
2019-04-28,51.089762055911244,47,2121
2019-04-29,50.98512664281671,47,2122
2019-04-30,52.538986484436485,47,2123
2019-05-01,53.91176059604208,48,2126
2019-05-02,55.49199503003047,48,2125
2019-05-03,56.250188446813354,48,2124
2019-05-04,57.788467716907526,48,2127
2019-05-05,57.48176398728935,48,2126
2019-05-06,57.69773506277158,48,2125
2019-05-07,57.600652648218755,48,2128
2019-05-08,56.9404745731614,48,2128
2019-05-09,55.50258055560389,48,2131
2019-05-10,55.602038673119715,48,2131
2019-05-11,56.90565861690834,48,2128
2019-05-12,55.579748951816356,48,2127
2019-05-13,56.00774844480034,48,2128
2019-05-14,56.302647885836336,48,2125
2019-05-15,58.96095898722965,48,2130
2019-05-16,61.572833306484945,48,2130
2019-05-17,60.19057320010119,48,2133
2019-05-18,59.869088859064,48,2134
2019-05-19,59.492078053811106,48,2132
2019-05-20,59.67814869878305,48,2133
2019-05-21,57.176938333171215,48,2133
2019-05-22,59.064734481828886,48,2129
2019-05-23,61.88918344950884,48,2133
2019-05-24,63.393247775087815,48,2133
2019-05-25,64.4869511463369,48,2133
2019-05-26,65.86651068712263,48,2135
2019-05-27,64.50595978568457,48,2131
2019-05-28,63.24458635437054,48,2132
2019-05-29,63.85985444035297,48,2132
2019-05-30,64.73900180934933,48,2132
2019-05-31,66.12178424906452,48,2131
2019-06-01,65.71034490354133,47,2129
2019-06-02,65.69214123157691,47,2128
2019-06-03,64.90505870944881,47,2126
2019-06-04,65.69548655329437,47,2124
2019-06-05,67.88966207231412,47,2120
2019-06-06,68.14818723604623,47,2121
2019-06-07,67.1734493312127,47,2122
2019-06-08,65.70071221179637,47,2120
2019-06-09,65.39307072434381,47,2121
2019-06-10,66.13003710207838,47,2122
2019-06-11,65.83211690588283,47,2120
2019-06-12,65.18112046647319,47,2119
2019-06-13,63.967363035041274,47,2121
2019-06-14,64.6191719694046,47,2123
2019-06-15,67.4453824980253,47,2122
2019-06-16,67.98191879673091,47,2122
2019-06-17,67.89599927228075,47,2123
2019-06-18,67.86898453130792,47,2121
2019-06-19,68.27719393052091,47,2125
2019-06-20,67.15010445433109,47,2124
2019-06-21,66.61042247255365,47,2122
2019-06-22,66.64878443615018,47,2123
2019-06-23,67.23790467812846,47,2124
2019-06-24,68.46349069167277,47,2123
2019-06-25,69.51102087023732,47,2122
2019-06-26,71.31708956129292,47,2123
2019-06-27,72.03710922201947,47,2123
2019-06-28,73.0431542687754,47,2125
2019-06-29,73.85327363970305,47,2126
2019-06-30,73.0113878583351,47,2126
2019-07-01,72.69666307258798,48,2128
2019-07-02,73.53366686213117,48,2128
2019-07-03,73.08759057058991,48,2128
2019-07-04,73.33476551413533,48,2128
2019-07-05,73.86608395271587,48,2128
2019-07-06,73.6455015290825,48,2127
2019-07-07,72.18953074564605,48,2127
2019-07-08,71.52253453965336,48,2126
2019-07-09,72.57785747508528,48,2126
2019-07-10,74.6733661161238,48,2124
2019-07-11,74.2997577887676,48,2129
2019-07-12,74.2494977787648,48,2129
2019-07-13,74.6230469257403,48,2129
2019-07-14,75.18799727614272,48,2129
2019-07-15,74.1855377340465,48,2127
2019-07-16,74.90532214603526,48,2127
2019-07-17,75.81642277884886,48,2129
2019-07-18,75.37682228063626,48,2130
2019-07-19,76.5764051879851,48,2130
2019-07-20,77.2540697290913,48,2129
2019-07-21,76.57542078549098,48,2116
2019-07-22,73.35497499994877,48,2127
2019-07-23,70.04687208081981,48,2127
2019-07-24,70.05649395571679,48,2128
2019-07-25,71.04774702781027,48,2129
2019-07-26,72.49878620721299,48,2129
2019-07-27,73.2415250284232,48,2128
2019-07-28,74.42891418921134,48,2129
2019-07-29,74.63885818014565,48,2128
2019-07-30,73.94272058345882,48,2130
2019-07-31,73.39545339771622,48,2127
2019-08-01,72.93322869601514,48,2130
2019-08-02,72.85092851870482,48,2130
2019-08-03,73.54424822131047,48,2131
2019-08-04,73.88879133238562,48,2130
2019-08-05,73.55004685187315,48,2129
2019-08-06,74.33234397185912,48,2126
2019-08-07,73.9089234816391,48,2129
2019-08-08,72.78412329946093,48,2129
2019-08-09,72.30519303630896,48,2129
2019-08-10,71.24998807120453,48,2129
2019-08-11,70.82292295189794,48,2128
2019-08-12,72.62062796016914,48,2128
2019-08-13,73.54306309956877,48,2128
2019-08-14,72.58756390622992,48,2126
2019-08-15,71.83595164602912,48,2127
2019-08-16,72.07567883236669,48,2130
2019-08-17,72.65439928769982,48,2129
2019-08-18,73.62916187186575,48,2122
2019-08-19,75.10350017445067,48,2122
2019-08-20,75.11765411616794,48,2119
2019-08-21,73.34164434159598,48,2123
2019-08-22,72.35700482184613,48,2124
2019-08-23,69.73126783239506,48,2124
2019-08-24,68.42914614233285,48,2124
2019-08-25,68.11973592520758,48,2122
2019-08-26,67.75554807178749,48,2124
2019-08-27,68.3552901441415,48,2121
2019-08-28,70.10909124878341,48,2124
2019-08-29,70.169001919732,48,2124
2019-08-30,69.39043933053456,48,2125
2019-08-31,69.77327237951107,48,2124
2019-09-01,69.95927850407774,48,2123
2019-09-02,71.12841117981752,48,2122
2019-09-03,71.75332244343463,48,2122
2019-09-04,71.91658157700662,48,2120
2019-09-05,70.27837339157198,48,2120
2019-09-06,68.45392490286932,48,2122
2019-09-07,67.27449359273173,48,2122
2019-09-08,66.19925924397056,48,2121
2019-09-09,66.91901205253605,48,2121
2019-09-10,68.11233865343547,48,2123
2019-09-11,69.4779192870634,48,2124
2019-09-12,68.43310001504904,48,2125
2019-09-13,66.8327310902074,48,2128
2019-09-14,67.52027386448457,48,2127
2019-09-15,70.10005048882212,48,2127
2019-09-16,69.62285381886451,48,2121
2019-09-17,67.60752051123832,48,2127
2019-09-18,65.8414055861174,48,2127
2019-09-19,64.29887506847749,48,2127
2019-09-20,64.46186835128798,48,2129
2019-09-21,66.22283150886327,48,2129
2019-09-22,66.81542747492051,48,2123
2019-09-23,67.52401660759178,48,2129
2019-09-24,66.27314746891324,48,2129
2019-09-25,64.83390663449372,48,2125
2019-09-26,65.10399886642566,48,2128
2019-09-27,63.84483553149388,48,2130
2019-09-28,63.64674980366525,48,2130
2019-09-29,63.73216945516703,48,2128
2019-09-30,62.968415281065326,48,2125
2019-10-01,63.41462304269648,48,2131
2019-10-02,63.41886698987572,48,2131
2019-10-03,60.22391900599417,48,2132
2019-10-04,57.81245499016984,48,2132
2019-10-05,55.717866309544036,48,2131
2019-10-06,57.84043086111441,48,2131
2019-10-07,60.00662487223823,48,2131
2019-10-08,57.891622904278705,48,2131
2019-10-09,54.63679378128351,48,2133
2019-10-10,53.21780472498858,48,2121
2019-10-11,51.03011031385191,48,2133
2019-10-12,49.810542238333056,48,2133
2019-10-13,51.69967076227633,48,2133
2019-10-14,53.53781810434183,48,2133
2019-10-15,54.257845884826374,48,2133
2019-10-16,53.130138082067965,48,2132
2019-10-17,50.83017469883592,48,2132
2019-10-18,50.034256978156016,48,2132
2019-10-19,50.12525029942977,48,2131
2019-10-20,51.27269385544809,48,2130
2019-10-21,52.946096898247674,48,2131
2019-10-22,52.47291491700522,48,1983
2019-10-23,50.76812976472989,47,1975
2019-10-24,48.480132146636066,47,1973
2019-10-25,50.27699063463202,47,1973
2019-10-26,51.02114228173918,47,1973
2019-10-27,48.67835027890773,47,1972
2019-10-28,45.953019127171906,47,1972
2019-10-29,44.12186388635802,47,1968
2019-10-30,44.48449868883517,47,1961
2019-10-31,46.65345808906985,47,1968
2019-11-01,42.083769236347095,47,1974
2019-11-02,41.21774949529739,47,1973
2019-11-03,43.184940388073066,47,1973
2019-11-04,44.957482898519274,47,1972
2019-11-05,47.04890863844818,47,1972
2019-11-06,44.698735579922996,47,1971
2019-11-07,42.36443729965511,47,1968
2019-11-08,38.097715124867314,47,1971
2019-11-09,39.49439725074304,47,1971
2019-11-10,42.66883808132251,47,1972
2019-11-11,39.31069341271618,47,1972
2019-11-12,32.55905749484713,47,1971
2019-11-13,30.16920511794769,47,1971
2019-11-14,35.16024931727453,47,1972
2019-11-15,39.649235563537836,47,1972
2019-11-16,38.9011323312272,47,1970
2019-11-17,39.535397709410326,47,1970
2019-11-18,42.72945763257832,47,1972
2019-11-19,43.741195876545504,47,1973
2019-11-20,42.598727962881334,47,1973
2019-11-21,41.621376608735424,47,1971
2019-11-22,41.22370921980831,47,1971
2019-11-23,39.200193980982256,47,1970
2019-11-24,40.61756706115155,47,1971
2019-11-25,40.91241247699885,47,1961
2019-11-26,40.62903048267794,47,1969
2019-11-27,40.943394361458445,47,1967
2019-11-28,37.87256518440596,47,1967
2019-11-29,36.48771351624752,47,1968
2019-11-30,37.038020732392205,47,1965
2019-12-01,36.38324537186259,47,1969
2019-12-02,34.91372305410581,47,1972
2019-12-03,35.5607626646713,47,1973
2019-12-04,38.04933715162691,47,1971
2019-12-05,38.91576734334066,47,1970
2019-12-06,38.49918646977281,47,1969
2019-12-07,37.459300209342835,47,1968
2019-12-08,37.323006834221594,47,1967
2019-12-09,40.57952926320215,47,1969
2019-12-10,37.830729466709684,47,1969
2019-12-11,31.12814668683458,47,1969
2019-12-12,32.78420588312915,47,1968
2019-12-13,36.23436440988451,47,1968
2019-12-14,37.5313420323757,47,1969
2019-12-15,34.24753662064314,47,1967
2019-12-16,32.383658847425956,47,1970
2019-12-17,31.261269704322153,47,1970
2019-12-18,28.856321133771242,47,1967
2019-12-19,27.37979347172206,47,1965
2019-12-20,31.739509268591117,47,1967
2019-12-21,35.159973363246394,47,1967
2019-12-22,37.85311099254522,47,1970
2019-12-23,40.0580392798934,47,1969
2019-12-24,40.55847481623485,47,1969
2019-12-25,38.70252488121628,47,1969
2019-12-26,39.106861695818,47,1967
2019-12-27,40.08461252540931,47,1971
2019-12-28,41.21922932691615,47,1970
2019-12-29,40.44179235508419,47,1971
2019-12-30,37.57112671634817,47,1968
2019-12-31,34.71037569894042,47,1968
2020-01-01,36.1343175238123,48,2133
2020-01-02,38.383525022365525,48,2138
2020-01-03,41.91009096078994,48,2142
2020-01-04,39.827548129826674,48,2141
2020-01-05,35.887972800990646,48,2142
2020-01-06,34.997998628750615,48,2140
2020-01-07,35.669840632693685,48,2138
2020-01-08,33.09855602835335,48,2136
2020-01-09,33.72941694402651,48,2137
2020-01-10,37.68890266839742,48,2138
2020-01-11,40.48721048345537,48,2130
2020-01-12,38.87377070470683,48,2128
2020-01-13,36.684744289621605,48,2127
2020-01-14,38.37205212026869,48,2128
2020-01-15,38.5657554840763,48,2128
2020-01-16,35.28070280991947,48,2131
2020-01-17,29.002579929605005,48,2130
2020-01-18,30.85944606031394,48,2138
2020-01-19,29.981343807665677,48,2116
2020-01-20,25.823325315548015,48,2138
2020-01-21,26.14330802162397,48,2138
2020-01-22,30.12120916718607,48,2137
2020-01-23,34.5668134215975,48,2136
2020-01-24,37.60017820305661,48,2136
2020-01-25,37.93106194329554,48,2135
2020-01-26,38.01936932484959,48,2135
2020-01-27,36.97340814054234,48,2137
2020-01-28,35.16059951453293,48,2134
2020-01-29,33.445360795135436,48,2136
2020-01-30,32.55571855965706,48,2136
2020-01-31,35.569488162522866,48,2139
2020-02-01,38.985215938912674,48,2138
2020-02-02,40.98189400385039,48,2139
2020-02-03,39.371497186366184,48,2122
2020-02-04,36.75830388435039,48,2133
2020-02-05,35.03912060892111,48,2139
2020-02-06,35.19375866243702,48,2141
2020-02-07,34.2181753375326,48,2139
2020-02-08,31.874145045103585,48,2137
2020-02-09,33.17522839694167,48,2137
2020-02-10,37.36743090413696,48,2139
2020-02-11,38.159917351518224,48,2141
2020-02-12,36.08247745213776,48,2141
2020-02-13,32.56466523261155,48,2142
2020-02-14,27.669822294577354,48,2140
2020-02-15,29.310048197475,48,2139
2020-02-16,36.55039007039844,48,2137
2020-02-17,38.09506164836281,48,2139
2020-02-18,36.73600037964601,48,2140
2020-02-19,33.52544335217297,48,2137
2020-02-20,28.844308633584905,48,2138
2020-02-21,29.644426593435522,48,2136
2020-02-22,35.64495477382306,48,2136
2020-02-23,39.316570652457884,48,2138
2020-02-24,39.868040589630006,48,2136
2020-02-25,39.28283839840211,48,2138
2020-02-26,37.30506125488688,48,2139
2020-02-27,35.07830452437991,48,2140
2020-02-28,35.11194090627688,48,2140
2020-02-29,35.486517629625574,48,2139
2020-03-01,37.37665359553373,48,2141
2020-03-02,41.79039209220905,48,2141
2020-03-03,46.73066357100416,48,2141
2020-03-04,45.49239198426657,48,2141
2020-03-05,44.027488258713895,48,2140
2020-03-06,41.503555960387004,48,2141
2020-03-07,40.657539190030924,48,2142
2020-03-08,43.33908873536625,48,2142
2020-03-09,47.187239105414086,48,2143
2020-03-10,47.60832460802442,48,2143
2020-03-11,47.90758213295934,48,2141
2020-03-12,47.40621868898538,48,2142
2020-03-13,45.82829775236806,48,2141
2020-03-14,42.19247336723105,48,2140
2020-03-15,40.36341717444284,48,2139
2020-03-16,40.09892057532003,48,2137
2020-03-17,43.787209788333115,48,2139
2020-03-18,45.796594489397926,48,2141
2020-03-19,47.97527220428261,48,2139
2020-03-20,47.282164720063285,48,2138
2020-03-21,42.332426097000805,48,2139
2020-03-22,40.122248271341256,48,2139
2020-03-23,42.972209366642424,48,2139
2020-03-24,45.70259036669491,48,2137
2020-03-25,45.647629837070916,48,2137
2020-03-26,47.5044004483505,48,2138
2020-03-27,50.667551490186064,48,2139
2020-03-28,50.95921054579145,48,2140
2020-03-29,50.4225646222066,48,2139
2020-03-30,48.6073041750195,48,2140
2020-03-31,46.1497690354534,48,2136
2020-04-01,43.98891139053586,48,2139
2020-04-02,43.878186308415415,48,2139
2020-04-03,44.1870509907379,48,2138
2020-04-04,45.350836568384295,48,2138
2020-04-05,49.13559917439477,48,2136
2020-04-06,52.65815761919695,48,2138
2020-04-07,55.66228564095183,48,2138
2020-04-08,56.17532425470474,48,2139
2020-04-09,50.752832561989415,48,2140
2020-04-10,45.5357384621143,48,2140
2020-04-11,46.33518635784237,48,2140
2020-04-12,46.61591618225096,48,2138
2020-04-13,45.14462363947748,48,2137
2020-04-14,42.44385768932361,48,2138
2020-04-15,41.5258722690858,48,2139
2020-04-16,41.920061498330554,48,2138
2020-04-17,44.42094243073953,48,2138
2020-04-18,46.771059255022884,48,2136
2020-04-19,48.39921434244252,48,2135
2020-04-20,50.88777362172203,48,2137
2020-04-21,50.81863165830156,48,2136
2020-04-22,49.43456158414009,48,2135
2020-04-23,50.826638736364735,48,2138
2020-04-24,52.518111214396974,48,2137
2020-04-25,53.2269887094364,48,2139
2020-04-26,53.397710415216466,48,2138
2020-04-27,52.99328965331272,48,2139
2020-04-28,55.58670566652137,48,2139
2020-04-29,56.88754613703687,48,2138
2020-04-30,55.476399093731324,48,2138
2020-05-01,56.901163460611365,48,2142
2020-05-02,59.6223943895908,48,2142
2020-05-03,60.46811741934038,48,2141
2020-05-04,57.878966763363614,48,2140
2020-05-05,54.56989735080401,48,2140
2020-05-06,52.71895771161141,48,2140
2020-05-07,52.110781333772486,48,2139
2020-05-08,51.02877055809285,48,2139
2020-05-09,47.68923691763561,48,2138
2020-05-10,50.633568298519215,48,2139
2020-05-11,50.221296634511134,48,2141
2020-05-12,49.44473121184248,48,2139
2020-05-13,52.35775224876695,48,2135
2020-05-14,57.92057612521803,48,2139
2020-05-15,61.24750714661085,48,2139
2020-05-16,62.08676116179412,48,2139
2020-05-17,61.518186474810996,48,2140
2020-05-18,60.64928234050001,48,2141
2020-05-19,59.467875987965705,48,2137
2020-05-20,57.56343245933491,48,2137
2020-05-21,58.96816500115489,48,2139
2020-05-22,62.299456012030156,48,2137
2020-05-23,63.351693562623865,48,2137
2020-05-24,62.747927695240016,48,2137
2020-05-25,63.54350897620685,48,2138
2020-05-26,66.07058364327797,48,2136
2020-05-27,67.84980920661087,48,2136
2020-05-28,68.37351561702559,48,2138
2020-05-29,68.50818587289056,48,2136
2020-05-30,66.51925055873691,48,2137
2020-05-31,63.60181009343945,48,2136
2020-06-01,63.69617221961527,48,2136
2020-06-02,67.24438494995694,48,2136
2020-06-03,70.26900095878317,48,2135
2020-06-04,70.9767042836621,48,2132
2020-06-05,71.3718255101284,48,2135
2020-06-06,69.55150563906845,48,2135
2020-06-07,66.44423109254647,48,2134
2020-06-08,66.07105946680257,48,2134
2020-06-09,67.43314152591377,48,2134
2020-06-10,68.29053681644479,48,2136
2020-06-11,68.59524673389097,48,2135
2020-06-12,69.11877712138696,48,2135
2020-06-13,65.92163671322368,48,2137
2020-06-14,64.51312780727179,48,2136
2020-06-15,65.25858878219458,48,2137
2020-06-16,66.18954243678502,48,2135
2020-06-17,66.62172119732028,48,2137
2020-06-18,68.2309680489453,48,2137
2020-06-19,69.55273635968744,48,2139
2020-06-20,70.7493110348766,48,2140
2020-06-21,71.27408803904929,48,2139
2020-06-22,71.3696624191206,48,2137
2020-06-23,71.66499428891855,48,2137
2020-06-24,71.40941999848037,48,2138
2020-06-25,71.40527411228263,48,2138
2020-06-26,72.59163651907078,48,2138
2020-06-27,72.86468557460644,48,2137
2020-06-28,71.81972836663819,48,2137
2020-06-29,71.17346705361398,48,2138
2020-06-30,70.43793771541193,48,2139
2020-07-01,70.68525338616568,48,2138
2020-07-02,73.20551269728605,48,2137
2020-07-03,74.52908614665077,48,2137
2020-07-04,73.90214698601977,48,2137
2020-07-05,74.03649465757509,48,2137
2020-07-06,74.09993253658327,48,2136
2020-07-07,73.17581084670573,48,2134
2020-07-08,74.08845345617446,48,2136
2020-07-09,75.03881727137104,48,2135
2020-07-10,74.88151419199032,48,2135
2020-07-11,75.66320045320565,48,2136
2020-07-12,74.64655851295703,48,2136
2020-07-13,73.73338976249919,48,2137
2020-07-14,72.99419871726282,48,2134
2020-07-15,73.22103536866925,48,2131
2020-07-16,73.41469059285495,48,2128
2020-07-17,74.44155387433757,48,2127
2020-07-18,76.43490584933197,48,2134
2020-07-19,76.8935845666881,48,2134
2020-07-20,76.31868122037783,48,2132
2020-07-21,75.07917066494299,48,2132
2020-07-22,73.8380240814196,48,2131
2020-07-23,73.6189720377464,48,2135
2020-07-24,73.7701166608966,48,2135
2020-07-25,74.45962134462359,48,2134
2020-07-26,75.9364237057079,48,2135
2020-07-27,76.37550151725165,48,2134
2020-07-28,75.53424515097534,48,2136
2020-07-29,75.05621462696372,48,2136
2020-07-30,75.25591980819176,48,2134
2020-07-31,74.08178809185871,48,2134
2020-08-01,73.67324529903186,48,2136
2020-08-02,73.38271275451109,48,2134
2020-08-03,72.57482318741862,48,2134
2020-08-04,70.98362453915466,48,2132
2020-08-05,71.53508873293204,48,2133
2020-08-06,71.01912752057596,48,2132
2020-08-07,71.68802384364479,48,2134
2020-08-08,73.126470246625,48,2134
2020-08-09,74.5284272367375,48,2133
2020-08-10,75.1585238370391,48,2134
2020-08-11,74.6692280538394,48,2137
2020-08-12,74.36523673062722,48,2134
2020-08-13,74.1647099702545,48,2131
2020-08-14,73.88766316947309,48,2134
2020-08-15,73.36441084738313,48,2132
2020-08-16,72.6008747386076,48,2134
2020-08-17,72.75342548434281,48,2135
2020-08-18,72.6497706469601,48,2134
2020-08-19,71.25730224345354,48,2134
2020-08-20,70.72382912328712,48,2134
2020-08-21,71.88730559483413,48,2134
2020-08-22,73.03917026183534,48,2134
2020-08-23,73.94937105834366,48,2133
2020-08-24,74.84164929544691,48,2132
2020-08-25,74.99571442562345,48,2134
2020-08-26,72.95122243853737,48,2131
2020-08-27,72.60009105511345,48,2130
2020-08-28,72.77743516733398,48,2131
2020-08-29,71.17682143605711,48,2132
2020-08-30,68.68255712718407,48,2132
2020-08-31,66.66066564041128,48,2131
2020-09-01,68.4958074253998,48,2128
2020-09-02,71.25013584013105,48,2130
2020-09-03,72.1858336999625,48,2129
2020-09-04,71.82685955480441,48,2129
2020-09-05,70.39130319474727,48,2127
2020-09-06,70.55255945704192,48,2126
2020-09-07,67.83428848503029,48,2126
2020-09-08,62.73995201599764,48,2062
2020-09-09,62.53908436816053,48,2122
2020-09-10,64.66123171561642,48,2125
2020-09-11,64.74566619362629,48,2127
2020-09-12,65.41093188900508,48,2128
2020-09-13,66.45059273091536,48,2125
2020-09-14,66.83577678329866,48,2126
2020-09-15,63.89855412296753,48,2126
2020-09-16,64.04031122115066,48,2126
2020-09-17,64.43938559551876,48,2124
2020-09-18,62.04939590607555,48,2125
2020-09-19,58.21855638948863,48,2122
2020-09-20,58.302392355411776,48,2125
2020-09-21,59.20154177547789,48,2129
2020-09-22,60.00775332797559,48,2126
2020-09-23,62.9217755375084,48,2129
2020-09-24,63.619164289410314,48,2130
2020-09-25,64.09154356314137,48,2130
2020-09-26,64.48886120525995,48,2130
2020-09-27,63.61096465240922,48,2130
2020-09-28,61.78642038092721,48,2130
2020-09-29,60.951232198866585,48,2130
2020-09-30,60.438151795359,48,2129
2020-10-01,58.462786745841505,48,2132
2020-10-02,55.15788825469261,48,2132
2020-10-03,54.28064155006015,48,2133
2020-10-04,55.0791808052891,48,2131
2020-10-05,56.98762552223058,48,2132
2020-10-06,59.874470968383456,48,2132
2020-10-07,62.659646369855075,48,2131
2020-10-08,60.54528928738258,48,2130
2020-10-09,60.07508538507246,48,2132
2020-10-10,62.127880079978524,48,2130
2020-10-11,59.8334392810498,48,2128
2020-10-12,58.0549039579663,48,2131
2020-10-13,56.9635958718562,48,2132
2020-10-14,56.425575829584,48,2129
2020-10-15,54.962821242245944,48,2128
2020-10-16,51.92551851833048,48,2129
2020-10-17,50.15977084075647,48,2127
2020-10-18,50.51634074655791,48,2126
2020-10-19,52.01972892378951,48,2126
2020-10-20,54.192616283024385,48,2126
2020-10-21,56.05891606979344,48,2124
2020-10-22,55.5424365170804,48,2121
2020-10-23,52.86134258615013,48,2126
2020-10-24,48.70989417999993,48,2125
2020-10-25,42.1977549330733,48,2100
2020-10-26,41.50286219200198,48,2117
2020-10-27,44.72775154034727,48,2124
2020-10-28,48.467282897467726,48,2128
2020-10-29,49.00455783569823,48,2127
2020-10-30,44.700345063839535,48,2126
2020-10-31,44.56811952950935,48,2122
2020-11-01,47.04514171450588,47,2119
2020-11-02,44.71173249933139,47,2121
2020-11-03,48.09219167641614,47,2124
2020-11-04,51.447460484327564,47,2124
2020-11-05,54.884010895555626,47,2126
2020-11-06,55.501822721250065,47,2124
2020-11-07,54.80148392054713,47,2120
2020-11-08,52.921302903628174,47,2120
2020-11-09,51.01779533687645,47,2119
2020-11-10,50.14290146260771,47,2120
2020-11-11,48.9895685149741,47,2122
2020-11-12,45.10792951055708,47,2123
2020-11-13,42.69956754161091,47,2123
2020-11-14,43.31323974822717,47,2120
2020-11-15,45.399035028887226,47,2120
2020-11-16,44.836149991716034,47,2123
2020-11-17,43.0657185370743,47,2120
2020-11-18,41.6665284524441,47,2123
2020-11-19,43.91180497919756,47,2122
2020-11-20,46.92506936491795,47,2120
2020-11-21,45.428268994235026,47,2122
2020-11-22,42.789092237228225,47,2122
2020-11-23,41.41477059623981,47,2122
2020-11-24,39.09420038775498,47,2123
2020-11-25,41.83999398244896,47,2124
2020-11-26,43.96905564407864,47,2123
2020-11-27,43.27547717933855,47,2122
2020-11-28,42.09349800865994,47,2124
2020-11-29,39.339468081499724,47,2122
2020-11-30,38.135625966127996,47,2124
2020-12-01,36.095849911985674,47,2121
2020-12-02,33.455021491165176,47,2109
2020-12-03,35.70601144595088,46,2013
2020-12-04,39.902442023675924,46,2014
2020-12-05,38.591527108523,46,2006
2020-12-06,36.607875874841504,46,2013
2020-12-07,35.85715772409865,46,2014
2020-12-08,36.392258654675295,46,2014
2020-12-09,38.82476061534257,46,2013
2020-12-10,39.71999040838743,46,2014
2020-12-11,39.35827583220059,46,2014
2020-12-12,38.75392121684147,46,2012
2020-12-13,37.35159443080643,46,2015
2020-12-14,32.212591329605424,46,2013
2020-12-15,29.035808609680622,46,2015
2020-12-16,30.038498326429657,46,2012
2020-12-17,30.457397853666418,46,2015
2020-12-18,30.753008909838652,46,2017
2020-12-19,31.92254743529596,46,2016
2020-12-20,36.59100539021035,46,2015
2020-12-21,39.994410606603104,46,2016
2020-12-22,38.70411430169829,46,2018
2020-12-23,35.64725076607359,46,2016
2020-12-24,33.58615661136039,46,2017
2020-12-25,32.04701914795697,46,2017
2020-12-26,31.043949096498498,46,2015
2020-12-27,32.909753288959415,46,2015
2020-12-28,34.26306170220663,46,2014
2020-12-29,31.884816067951302,46,2014
2020-12-30,33.98984399194039,46,2014
2020-12-31,35.836205967197166,46,2008
2021-01-01,34.91022169344532,47,2115
2021-01-02,36.39768946529408,47,2120
2021-01-03,35.44951306998394,47,2122
2021-01-04,36.34592265087877,47,2124
2021-01-05,35.41639904259724,47,2124
2021-01-06,34.784226592378246,47,2124
2021-01-07,34.02226233205516,47,2124
2021-01-08,31.667503626488163,47,2125
2021-01-09,29.53326890162074,47,2126
2021-01-10,29.736154524023682,47,2123
2021-01-11,30.55825757811225,47,2125
2021-01-12,33.65463740206764,47,2126
2021-01-13,36.213989507230764,47,2125
2021-01-14,37.0377299650177,47,2126
2021-01-15,36.877483903145524,47,2129
2021-01-16,35.43660529932784,47,2127
2021-01-17,35.428467776244254,47,2128
2021-01-18,34.147426012025555,47,2127
2021-01-19,32.567707635169455,47,2130
2021-01-20,34.01914150276244,47,2131
2021-01-21,34.819299822067656,47,2131
2021-01-22,33.789367036869415,47,2130
2021-01-23,29.519997093913553,47,2128
2021-01-24,29.80509359493784,47,2126
2021-01-25,31.484035894529622,47,2124
2021-01-26,31.564499697298505,47,2122
2021-01-27,30.39239407786313,47,2127
2021-01-28,29.094389506083175,47,2124
2021-01-29,28.07571824650048,47,2127
2021-01-30,30.272848736090104,47,2129
2021-01-31,32.295383409570455,47,2126
2021-02-01,32.36358071854617,47,2126
2021-02-02,33.36928138987221,47,2124
2021-02-03,33.12034677408703,47,2124
2021-02-04,32.85061168755498,47,2127
2021-02-05,32.18160869982505,47,2126
2021-02-06,29.216697775789054,47,2126
2021-02-07,25.212682924046668,47,2124
2021-02-08,24.435925508778233,47,2126
2021-02-09,26.93787418518692,47,2125
2021-02-10,26.870677707048607,47,2126
2021-02-11,24.735551716586833,47,2121
2021-02-12,21.04084048374065,47,2117
2021-02-13,19.963164843946327,47,2116
2021-02-14,19.091655964316978,47,2113
2021-02-15,20.467957584870362,47,2113
2021-02-16,22.462124401586888,47,2114
2021-02-17,21.421651281177713,47,2120
2021-02-18,24.268321556667363,47,2120
2021-02-19,26.58485708637906,47,2124
2021-02-20,28.18194612076338,47,2122
2021-02-21,31.280661791441535,47,2126
2021-02-22,37.799482428444,47,2127
2021-02-23,40.91871695125394,47,2127
2021-02-24,40.93620939416938,47,2129
2021-02-25,38.64681145310773,47,2129
2021-02-26,37.17357006736547,47,2128
2021-02-27,39.62696742332879,47,2127
2021-02-28,41.83568814879766,47,2127
2021-03-01,39.50375699851589,47,2129
2021-03-02,35.21742221130481,47,2130
2021-03-03,40.17894942334241,47,2130
2021-03-04,41.34210016790178,47,2129
2021-03-05,38.198364900399476,47,2129
2021-03-06,38.29135704841762,47,2128
2021-03-07,38.811185001700125,47,2129
2021-03-08,41.92245114455699,47,2127
2021-03-09,46.02147186683953,47,2128
2021-03-10,46.1287146885626,47,2131
2021-03-11,47.37821050874732,47,2133
2021-03-12,47.40002686139533,47,2131
2021-03-13,44.43053480522721,47,2129
2021-03-14,43.508729107037524,47,2130
2021-03-15,38.88338033809585,47,2130
2021-03-16,40.33791325121158,47,2129
2021-03-17,43.781328485927666,47,2130
2021-03-18,44.53882992382791,47,2131
2021-03-19,41.736854290964615,47,2128
2021-03-20,42.76124449082815,47,2129
2021-03-21,45.1737509089407,47,2130
2021-03-22,46.469902314193774,47,2130
2021-03-23,47.13944495478836,47,2132
2021-03-24,47.96254459044744,47,2132
2021-03-25,48.83663465159585,47,2132
2021-03-26,50.174687181591274,47,2133
2021-03-27,50.486560724198334,47,2132
2021-03-28,49.32571829766862,47,2132
2021-03-29,46.52069676588601,47,2134
2021-03-30,46.368500439532994,47,2133
2021-03-31,47.03958466944924,47,2132
2021-04-01,43.210398595702365,48,2135
2021-04-02,42.14004607797693,48,2136
2021-04-03,47.07073244858697,48,2135
2021-04-04,52.89597702430163,48,2135
2021-04-05,54.994541756868216,48,2136
2021-04-06,55.0578084206096,48,2135
2021-04-07,55.56147043642894,48,2135
2021-04-08,54.67725925380288,48,2137
2021-04-09,53.940392272141814,48,2139
2021-04-10,53.811779454338016,48,2139
2021-04-11,52.29383802945185,48,2138
2021-04-12,50.33826750780326,48,2138
2021-04-13,49.48982291416875,48,2138
2021-04-14,48.85376551361466,48,2136
2021-04-15,47.66538297269805,48,2136
2021-04-16,45.32485128405145,48,2136
2021-04-17,46.83542527446637,48,2137
2021-04-18,49.307221753284544,48,2137
2021-04-19,48.424235890982594,48,2137
2021-04-20,47.08424528050278,48,2137
2021-04-21,45.04838022914782,48,2137
2021-04-22,43.36805976669181,48,2136
2021-04-23,47.53354177578097,48,2137
2021-04-24,51.19902584752756,48,2135
2021-04-25,52.00897988729798,48,2131
2021-04-26,52.297677138206474,48,2130
2021-04-27,56.179524676873065,48,2131
2021-04-28,59.759001092931044,48,2131
2021-04-29,60.410075760546526,48,2129
2021-04-30,59.48939481924512,48,2130
2021-05-01,58.094660520443675,47,2130
2021-05-02,59.79206613070239,47,2129
2021-05-03,58.4302801382588,47,2130
2021-05-04,57.11740450614884,47,2128
2021-05-05,55.55450999687533,47,2129
2021-05-06,55.60475435176271,47,2128
2021-05-07,53.9916994393267,47,2127
2021-05-08,52.24020844325968,47,2126
2021-05-09,52.875013506626324,47,2128
2021-05-10,52.29247334188445,47,2129
2021-05-11,52.95988209047549,47,2129
2021-05-12,53.81204654656711,47,2129
2021-05-13,56.43174242249856,47,2130
2021-05-14,58.39351478555336,47,2128
2021-05-15,59.69394284698114,47,2128
2021-05-16,61.02605582502717,47,2128
2021-05-17,61.326944635285805,47,2128
2021-05-18,62.68506713038952,47,2126
2021-05-19,63.980863129912585,47,2128
2021-05-20,63.697345877818655,47,2127
2021-05-21,62.89255536158886,47,2126
2021-05-22,64.00172049538983,47,2128
2021-05-23,64.6343368955135,47,2128
2021-05-24,63.545902739428534,47,2127
2021-05-25,65.35797431603389,47,2128
2021-05-26,66.08228109370883,47,2129
2021-05-27,64.0425413157965,47,2128
2021-05-28,59.51578875392089,47,2127
2021-05-29,56.27532610532709,47,2127
2021-05-30,56.534697746928934,47,2127
2021-05-31,60.17275319676452,47,2127
2021-06-01,64.11426457788306,47,2128
2021-06-02,66.8054238680348,47,2127
2021-06-03,68.5160152962235,47,2126
2021-06-04,70.9804911349895,47,2125
2021-06-05,71.99476788307024,47,2124
2021-06-06,71.73531574363301,47,2124
2021-06-07,71.96031518338314,47,2125
2021-06-08,72.00050990604034,47,2126
2021-06-09,72.16260081271436,47,2124
2021-06-10,70.5239895288692,47,2125
2021-06-11,68.38541715201201,47,2125
2021-06-12,70.33544246078013,47,2124
2021-06-13,72.3216530545128,47,2122
2021-06-14,72.10198575490739,47,2120
2021-06-15,71.57339177082532,47,2120
2021-06-16,70.65784740194269,47,2121
2021-06-17,71.31012015636523,47,2120
2021-06-18,73.09556254533912,47,2121
2021-06-19,73.19499367953827,47,2122
2021-06-20,72.61986301986913,47,2122
2021-06-21,71.24577547931602,47,2121
2021-06-22,68.39544963912778,47,2118
2021-06-23,68.35209613342285,47,2117
2021-06-24,69.65874443326221,47,2115
2021-06-25,70.02793080092633,47,2118
2021-06-26,72.0841038549741,47,2117
2021-06-27,73.95452610599445,47,2119
2021-06-28,74.88092860648533,47,2120
2021-06-29,75.3121537388392,47,2118
2021-06-30,74.8950232281381,47,2117
2021-07-01,72.5473161112558,47,2118
2021-07-02,70.28503489553412,47,2118
2021-07-03,69.73501111619701,47,2116
2021-07-04,71.3703917172399,47,2116
2021-07-05,73.08420846077476,47,2117
2021-07-06,74.40557743930628,47,2115
2021-07-07,73.47381735596781,47,2112
2021-07-08,72.1342657261078,47,2114
2021-07-09,72.86251153471147,47,2114
2021-07-10,72.70772481227593,47,2113
2021-07-11,72.2655209840526,47,2114
2021-07-12,72.7144799292314,47,2114
2021-07-13,72.57073418259723,47,2114
2021-07-14,73.03701995420977,47,2115
2021-07-15,73.97682024873542,47,2118
2021-07-16,73.98079728250978,47,2116
2021-07-17,73.65712261340255,47,2117
2021-07-18,73.13472203709392,47,2117
2021-07-19,72.66375720155794,47,2113
2021-07-20,72.60976808747014,47,2112
2021-07-21,72.51259918284681,47,2038
2021-07-22,73.27775111665049,47,1851
2021-07-23,73.6844578955241,47,2117
2021-07-24,74.0717693618888,47,2117
2021-07-25,74.76758662227296,47,2116
2021-07-26,75.87864289540734,47,2113
2021-07-27,75.67446308302891,47,2115
2021-07-28,75.00098427749198,47,2113
2021-07-29,74.53390881535945,47,2112
2021-07-30,73.96003696824884,47,2117
2021-07-31,71.56598719485795,47,2114
2021-08-01,70.3817892965051,47,2112
2021-08-02,69.92432717198076,47,2115
2021-08-03,70.15466483274848,47,2113
2021-08-04,70.79413068940424,47,2108
2021-08-05,71.23006612556411,47,2112
2021-08-06,71.95657356679908,47,2111
2021-08-07,72.74538593557956,47,2114
2021-08-08,73.26747061508372,47,2113
2021-08-09,73.73274514118677,47,2113
2021-08-10,75.13162027084431,47,2115
2021-08-11,76.53155533993555,47,2114
2021-08-12,76.52398743159037,47,2115
2021-08-13,75.48850894874705,47,2114
2021-08-14,74.63478905961907,47,2115
2021-08-15,72.76501117342767,47,2114
2021-08-16,72.24141603689306,47,2114
2021-08-17,72.08019515364606,47,2114
2021-08-18,71.92088392840722,47,2115
2021-08-19,71.4426030858608,47,2113
2021-08-20,71.60206657059447,47,2116
2021-08-21,70.99489274576507,47,2115
2021-08-22,71.13430611916712,47,2115
2021-08-23,72.99321064493157,47,2117
2021-08-24,74.39160322001449,47,2115
2021-08-25,74.36558289433164,47,2119
2021-08-26,73.90806681612598,47,2119
2021-08-27,73.3553321631091,47,2120
2021-08-28,72.48114658247522,47,2117
2021-08-29,71.82185604873828,47,2115
2021-08-30,72.14068554444799,47,2115
2021-08-31,70.75677556451602,47,2116
2021-09-01,68.74417507104066,47,2116
2021-09-02,66.60892926985487,47,2116
2021-09-03,65.9329915172956,47,2118
2021-09-04,67.46942046265474,47,2119
2021-09-05,68.31261051594497,47,2119
2021-09-06,70.00858439679601,47,2118
2021-09-07,70.00672083929204,47,2117
2021-09-08,69.98160215953972,47,2113
2021-09-09,68.77921964490012,47,2117
2021-09-10,67.26886941879853,47,2115
2021-09-11,66.87685697414264,47,2113
2021-09-12,68.68573824798882,47,2111
2021-09-13,69.06182976850346,47,2108
2021-09-14,68.44802373811964,47,2110
2021-09-15,68.5340963317542,47,2119
2021-09-16,67.24008346644293,47,2117
2021-09-17,67.51280105773598,47,2118
2021-09-18,68.30228203001639,47,2118
2021-09-19,67.18865264435115,47,2118
2021-09-20,64.7889631531088,47,2117
2021-09-21,63.861000500784755,47,2119
2021-09-22,63.5580224183515,47,2119
2021-09-23,62.142732654322565,47,2122
2021-09-24,61.57902428503557,47,2122
2021-09-25,61.9149489139853,47,2120
2021-09-26,63.601736621155986,47,2120
2021-09-27,64.4654167435351,47,2123
2021-09-28,64.13104568544503,47,2122
2021-09-29,60.98096203995449,47,2119
2021-09-30,60.55918256269688,47,2120
2021-10-01,60.2720029945798,47,2122
2021-10-02,61.664475427744875,47,2121
2021-10-03,63.16825175875251,47,2120
2021-10-04,63.634913812714004,47,2122
2021-10-05,62.616497749924534,47,2123
2021-10-06,62.14611001100841,47,2120
2021-10-07,62.20175327839203,47,2119
2021-10-08,62.14562833170332,47,2120
2021-10-09,61.14787015410299,47,2123
2021-10-10,60.64694161166246,47,2124
2021-10-11,58.55726618036929,47,2121
2021-10-12,56.638675190962935,47,2120
2021-10-13,57.30184168578495,47,2119
2021-10-14,57.5276052457924,47,2121
2021-10-15,57.521460552561415,47,2124
2021-10-16,56.511195284441854,47,2123
2021-10-17,53.32422799947185,47,2121
2021-10-18,52.327411089932404,47,2122
2021-10-19,52.20344442914901,47,2124
2021-10-20,54.705262329311886,47,2122
2021-10-21,55.70421801881452,47,2125
2021-10-22,54.18669054120765,47,2122
2021-10-23,51.206916327561224,47,2125
2021-10-24,52.42827616616315,47,2122
2021-10-25,53.84187337327537,47,2124
2021-10-26,50.55538766085794,47,2124
2021-10-27,49.879223950514195,47,2125
2021-10-28,50.70614177629216,47,2126
2021-10-29,50.92958561014735,47,2122
2021-10-30,50.039569049423676,47,2122
2021-10-31,49.44217059146123,47,2122
2021-11-01,46.830264184874196,47,2126
2021-11-02,44.13081964097553,47,2125
2021-11-03,42.75777131166059,47,2124
2021-11-04,42.9179520423212,47,2125
2021-11-05,43.61281986731598,47,2125
2021-11-06,44.652533548351016,47,2125
2021-11-07,45.94980303036099,47,2125
2021-11-08,47.61950208940069,47,2126
2021-11-09,48.739754384838655,47,2124
2021-11-10,49.2000108329122,47,2124
2021-11-11,47.76219546678321,47,2124
2021-11-12,47.309266947844684,47,2123
2021-11-13,43.12532094766184,47,2123
2021-11-14,42.89139563005856,47,2123
2021-11-15,44.581701234385974,47,2123
2021-11-16,44.6679344134817,47,2123
2021-11-17,45.052194959528855,47,2124
2021-11-18,44.8320698682076,47,2125
2021-11-19,40.33216400412989,47,2125
2021-11-20,39.96111885757717,47,2125
2021-11-21,42.377295571726044,47,2124
2021-11-22,41.903288836537406,47,2125
2021-11-23,37.43459592770473,47,2122
2021-11-24,37.70433968951838,47,2123
2021-11-25,38.95890021187838,47,2123
2021-11-26,38.84508155895122,47,2122
2021-11-27,38.43799599021832,47,2122
2021-11-28,40.081943090627725,47,2120
2021-11-29,40.05858813035225,47,2119
2021-11-30,40.794890395432084,47,2121
2021-12-01,44.73448631052481,47,2123
2021-12-02,48.565974971693294,47,2124
2021-12-03,45.57798138009188,47,2124
2021-12-04,42.267283262761715,47,2123
2021-12-05,42.06851065480014,47,2122
2021-12-06,40.684452154455904,47,2122
2021-12-07,34.31659351623654,47,2021
2021-12-08,34.95856152576653,47,2121
2021-12-09,36.67707412134753,47,2122
2021-12-10,39.55910252830365,47,2120
2021-12-11,41.44884911209879,47,2121
2021-12-12,39.219225239820716,47,2114
2021-12-13,40.12125600719415,47,2115
2021-12-14,42.193900929544036,47,2111
2021-12-15,42.63816587868815,47,2121
2021-12-16,43.54826177651251,47,2118
2021-12-17,40.50204745876409,47,2119
2021-12-18,37.73284099140387,47,2118
2021-12-19,34.48594995189756,47,2117
2021-12-20,31.110528126699293,47,2116
2021-12-21,33.4336431029586,47,2114
2021-12-22,35.30487853411662,47,2116
2021-12-23,35.92040440523727,47,2110
2021-12-24,39.91141445113047,47,2110
2021-12-25,41.88695920217371,47,2107
2021-12-26,39.55416157519045,47,2103
2021-12-27,37.965530963461994,47,2098
2021-12-28,37.045167802178995,47,2100
2021-12-29,36.17140256891622,47,2100
2021-12-30,37.932246368987116,47,2102
2021-12-31,38.531922854269446,47,2015
2022-01-01,35.80813517476872,47,2107
2022-01-02,31.93477887476222,47,2111
2022-01-03,27.31509509018859,47,2112
2022-01-04,28.556510647106748,47,2108
2022-01-05,31.80310932535373,47,2113
2022-01-06,28.55140161398376,47,2114
2022-01-07,25.785235436587744,47,2116
2022-01-08,28.189768537378686,47,2114
2022-01-09,32.88714205324082,47,2116
2022-01-10,28.8772008081834,47,2118
2022-01-11,27.45372818578983,47,2117
2022-01-12,34.646653942480235,47,2122
2022-01-13,38.27036598066504,47,2122
2022-01-14,34.913860010040125,47,2123
2022-01-15,26.808441655713995,47,2121
2022-01-16,27.160055790737907,47,2121
2022-01-17,33.67818084637043,47,2121
2022-01-18,32.95256726796491,47,2122
2022-01-19,31.235607286347523,47,2122
2022-01-20,26.623112857373982,47,2120
2022-01-21,22.208570650430858,47,2119
2022-01-22,24.060652198768885,47,2116
2022-01-23,28.49811897805754,47,2118
2022-01-24,29.876239665977394,47,2112
2022-01-25,27.613395122721368,47,2109
2022-01-26,23.70136235688882,47,2110
2022-01-27,25.504589863305483,47,2107
2022-01-28,27.969967768193314,47,2108
2022-01-29,25.856130359590296,47,2108
2022-01-30,27.90858714293927,47,2110
2022-01-31,30.583841908894865,47,2115
2022-02-01,31.659746569383376,47,2112
2022-02-02,29.235707706903895,47,2111
2022-02-03,28.59071425134647,47,2110
2022-02-04,27.902486293165495,47,2115
2022-02-05,26.054806050284927,47,2114
2022-02-06,28.025321621873566,47,2111
2022-02-07,32.3960854543847,47,2116
2022-02-08,36.43679099623256,47,2117
2022-02-09,38.35704330461818,47,2114
2022-02-10,40.05681337731534,47,2119
2022-02-11,40.27719094375931,47,2119
2022-02-12,35.920316801787756,47,2117
2022-02-13,30.647461857102265,47,2117
2022-02-14,29.01431597189825,47,2120
2022-02-15,31.954733355222753,47,2119
2022-02-16,38.26481051842442,47,2118
2022-02-17,40.08098483494094,47,2115
2022-02-18,35.16662450186905,47,2118
2022-02-19,31.81557267108591,47,2118
2022-02-20,35.112428359914276,47,2118
2022-02-21,37.5955720918731,47,2115
2022-02-22,35.167932458947924,47,2108
2022-02-23,32.184486881634925,47,2113
2022-02-24,26.61279153870308,47,2112
2022-02-25,27.174988142837723,47,2112
2022-02-26,28.156913427730718,47,2115
2022-02-27,34.30580637131491,47,2115
2022-02-28,36.98694010949388,47,2117
2022-03-01,41.51699585072634,47,2122
2022-03-02,44.935414747055766,47,2121
2022-03-03,42.14497759781616,47,2121
2022-03-04,38.540878346377305,47,2121
2022-03-05,42.61111933998448,47,2120
2022-03-06,44.88260332092189,47,2119
2022-03-07,41.760500391924296,47,2122
2022-03-08,35.94082839449791,47,2122
2022-03-09,33.25275671733062,47,2122
2022-03-10,32.57722093571478,47,2120
2022-03-11,33.80014498095068,47,2123
2022-03-12,32.221082392947814,47,2123
2022-03-13,34.070213134663824,47,2123
2022-03-14,41.83421106528438,47,2123
2022-03-15,46.73646354976112,47,2124
2022-03-16,47.99616450542426,47,2124
2022-03-17,48.49008809728238,47,2124
2022-03-18,48.499220916150435,47,2125
2022-03-19,47.815675373567714,47,2125
2022-03-20,47.35822004048553,47,2123
2022-03-21,47.351912680012624,47,2123
2022-03-22,46.69903213399505,47,2121
2022-03-23,46.072122074123456,47,2122
2022-03-24,46.28011900337881,47,2122
2022-03-25,46.61107082230485,47,2095
2022-03-26,45.31044901325571,46,1965
2022-03-27,42.77435571665493,46,1965
2022-03-28,40.50554593131294,46,1965
2022-03-29,41.86944173509258,46,1966
2022-03-30,45.44067432336356,46,1967
2022-03-31,46.66078524291382,46,1964
2022-04-01,45.43164742491131,46,1965
2022-04-02,45.355906548792056,46,1966
2022-04-03,46.70164105610504,46,1966
2022-04-04,47.51245784519921,46,1966
2022-04-05,49.03067390151978,46,1965
2022-04-06,49.78739587087509,46,1965
2022-04-07,48.00875746921441,46,1965
2022-04-08,46.276183053001375,46,1967
2022-04-09,45.29146725469516,46,1968
2022-04-10,46.94600031073406,46,1967
2022-04-11,49.55675755091611,46,1966
2022-04-12,51.20282847024913,46,1967
2022-04-13,50.467130139577066,46,1965
2022-04-14,48.62738181966728,46,1966
2022-04-15,49.01431248668784,46,1965
2022-04-16,49.41251634687001,46,1962
2022-04-17,46.652047088971734,46,1966
2022-04-18,45.56099109850059,46,1965
2022-04-19,45.5111484663283,46,1965
2022-04-20,48.82422916357205,46,1967
2022-04-21,53.703988056773504,46,1966
2022-04-22,56.23505758624571,46,1966
2022-04-23,55.9591625360869,46,1965
2022-04-24,56.050410030227596,46,1963
2022-04-25,53.69238515187286,46,1965
2022-04-26,51.51866686788616,46,1962
2022-04-27,50.787174438738674,46,1961
2022-04-28,50.9116009617485,46,1960
2022-04-29,53.05995865998457,46,1964
2022-04-30,54.74851925061228,46,1961
2022-05-01,55.58769820190866,46,1963
2022-05-02,55.19769861375626,46,1965
2022-05-03,55.21587709909729,46,1966
2022-05-04,55.51330358074309,46,1966
2022-05-05,57.81622390819707,46,1966
2022-05-06,58.31720337601494,46,1964
2022-05-07,56.7731880659479,46,1961
2022-05-08,54.81976813983856,46,1963
2022-05-09,57.60321383909655,46,1960
2022-05-10,60.93423703027907,46,1960
2022-05-11,63.05224421513877,46,1960
2022-05-12,63.44853114494334,46,1962
2022-05-13,64.17545501665666,46,1962
2022-05-14,65.6307783014887,46,1960
2022-05-15,65.68650873381343,46,1962
2022-05-16,64.61796474790704,46,1964
2022-05-17,63.60359816088282,46,1961
2022-05-18,63.287078397691374,46,1962
2022-05-19,63.33374188654085,46,1963
2022-05-20,62.55557079027572,46,1961
2022-05-21,62.1813675585183,46,1962
2022-05-22,61.43734660241362,46,1961
2022-05-23,58.752983672999065,46,1963
2022-05-24,58.92630613779509,46,1961
2022-05-25,60.90438320529511,46,1961
2022-05-26,63.21592823597903,46,1962
2022-05-27,64.77990084194144,46,1966
2022-05-28,64.39333311456238,46,1966
2022-05-29,65.01987429857363,46,1965
2022-05-30,66.80942789739649,46,1963
2022-05-31,67.8311563460569,46,1963
2022-06-01,65.8610364922355,46,1963
2022-06-02,65.53563534120516,46,1966
2022-06-03,64.62276925848514,46,1966
2022-06-04,64.73279222429744,46,1964
2022-06-05,65.14324245988202,46,1964
2022-06-06,65.99511887007166,46,1966
2022-06-07,67.39182691252529,46,1966
2022-06-08,68.14750129740304,46,1965
2022-06-09,68.09315234956046,46,1968
2022-06-10,68.11167580883924,46,1965
2022-06-11,69.58673743558234,46,1964
2022-06-12,70.83500100220155,46,1963
2022-06-13,72.06384065285802,46,1962
2022-06-14,71.26433624874505,46,1959
2022-06-15,72.30175332142643,46,1954
2022-06-16,73.38299610245434,46,1958
2022-06-17,73.5892724298149,46,1960
2022-06-18,69.30707011360057,46,1960
2022-06-19,66.29488793025939,46,1961
2022-06-20,68.29897769729871,46,1959
2022-06-21,70.87036446033267,46,1961
2022-06-22,71.81854464614383,46,1961
2022-06-23,71.81398450361067,46,1964
2022-06-24,72.00423397370919,46,1960
2022-06-25,72.69843122415918,46,1961
2022-06-26,72.08072050251215,46,1960
2022-06-27,70.69567793263182,46,1959
2022-06-28,69.46804531828913,46,1958
2022-06-29,70.8071207346541,46,1960
2022-06-30,72.40312640756356,46,1960
2022-07-01,73.35173088912212,46,1958
2022-07-02,72.79957597318307,46,1957
2022-07-03,72.54013558228573,46,1959
2022-07-04,73.18216547733451,46,1956
2022-07-05,73.99529953837725,46,1954
2022-07-06,74.08130536495132,46,1957
2022-07-07,73.66290821615216,46,1959
2022-07-08,74.40714996539592,46,1941
2022-07-09,73.69717912749532,46,1958
2022-07-10,72.4582581067519,46,1959
2022-07-11,73.56400839812086,46,1955
2022-07-12,74.81901153136678,46,1952
2022-07-13,74.51253196701823,46,1955
2022-07-14,74.23813070006236,46,1956
2022-07-15,74.34637874822289,46,1954
2022-07-16,74.88495299011215,46,1958
2022-07-17,75.98490195955331,46,1958
2022-07-18,75.89410079739571,46,1958
2022-07-19,77.21973002755361,46,1957
2022-07-20,78.39254120610724,46,1956
2022-07-21,77.54951831178889,46,1956
2022-07-22,77.307643505096,46,1955
2022-07-23,77.38631095149914,46,1955
2022-07-24,76.69970598634785,46,1952
2022-07-25,74.86536446200975,46,1956
2022-07-26,73.55646565004893,46,1957
2022-07-27,74.4661613238398,46,1957
2022-07-28,74.4898276049998,46,1960
2022-07-29,73.93345488755456,46,1959
2022-07-30,73.62025541452577,46,1960
2022-07-31,73.97584259452857,46,1960
2022-08-01,74.69538264676123,46,1960
2022-08-02,75.61336985688388,46,1956
2022-08-03,75.99315777862148,46,1951
2022-08-04,75.6955903387232,46,1956
2022-08-05,75.62573823922303,46,1956
2022-08-06,75.17464875315899,46,1954
2022-08-07,75.44452655450212,46,1954
2022-08-08,75.32157523483558,46,1957
2022-08-09,74.74658139521897,46,1954
2022-08-10,73.04446729661443,46,1954
2022-08-11,72.55173655994349,46,1956
2022-08-12,71.37262787482965,46,1957
2022-08-13,70.22970493286249,46,1956
2022-08-14,71.0070615394588,46,1957
2022-08-15,71.62681041052325,46,1957
2022-08-16,71.15339687918569,46,1956
2022-08-17,70.61168352403682,46,1955
2022-08-18,70.53873165945743,46,1957
2022-08-19,71.22748404634507,46,1960
2022-08-20,71.84144430776868,46,1962
2022-08-21,71.5869109201267,46,1960
2022-08-22,71.25477072600715,46,1959
2022-08-23,71.4787435161097,46,1955
2022-08-24,71.59997499365696,46,1950
2022-08-25,71.83392585018768,46,1949
2022-08-26,71.77287116273772,46,1951
2022-08-27,71.75731401572766,46,1951
2022-08-28,72.09915325126396,46,1950
2022-08-29,73.66249579452733,46,1949
2022-08-30,73.854211173601,46,1955
2022-08-31,72.876300134871,46,1953
2022-09-01,72.08704419926408,46,1955
2022-09-02,71.4861708593547,46,1953
2022-09-03,71.0534338062305,46,1952
2022-09-04,70.95929357679312,46,1952
2022-09-05,70.8845808347423,46,1952
2022-09-06,71.39886586153499,46,1953
2022-09-07,71.14095107211469,46,1950
2022-09-08,69.32911399952596,46,1951
2022-09-09,66.97825004897817,46,1953
2022-09-10,66.48003842119068,46,1953
2022-09-11,67.27778733893506,46,1953
2022-09-12,67.13128815005682,46,1950
2022-09-13,65.69998096400563,46,1950
2022-09-14,65.04364796342072,46,1957
2022-09-15,64.44372261775084,46,1961
2022-09-16,63.88546090946311,46,1962
2022-09-17,65.26690669041584,46,1961
2022-09-18,67.81604977740201,46,1961
2022-09-19,68.96975920534376,46,1961
2022-09-20,68.7518477520107,46,1962
2022-09-21,66.80645182077377,46,1959
2022-09-22,62.954848914757484,46,1961
2022-09-23,58.47520560917759,46,1962
2022-09-24,61.0310849976561,46,1963
2022-09-25,63.21667043373211,46,1962
2022-09-26,62.640474059628666,46,1961
2022-09-27,59.92120480465004,46,1960
2022-09-28,58.28335936648852,46,1959
2022-09-29,57.6184472089668,46,1954
2022-09-30,56.77355162131479,46,1956
2022-10-01,57.54555735927437,46,1959
2022-10-02,57.886731668025426,46,1960
2022-10-03,56.345693489566145,46,1956
2022-10-04,56.15448167759374,46,1957
2022-10-05,58.05011983600084,46,1957
2022-10-06,58.55180053754344,46,1960
2022-10-07,56.76600599849601,46,1962
2022-10-08,53.26447026139061,46,1960
2022-10-09,52.95072298074352,46,1961
2022-10-10,55.323186965976745,46,1959
2022-10-11,57.81950931304113,46,1959
2022-10-12,58.913864787531594,46,1960
2022-10-13,56.94550836151921,46,1960
2022-10-14,55.16694828496071,46,1959
2022-10-15,55.68119686590681,46,1959
2022-10-16,54.23227505370586,46,1960
2022-10-17,50.86502472517875,46,1959
2022-10-18,46.6125985119565,46,1958
2022-10-19,45.84979945404207,46,1961
2022-10-20,49.06692907106954,46,1962
2022-10-21,52.85513800044203,46,1959
2022-10-22,54.92192435348299,46,1955
2022-10-23,54.8016658191685,46,1953
2022-10-24,53.7103788316687,46,1959
2022-10-25,52.74489471983121,46,1964
2022-10-26,50.672114056373765,46,1960
2022-10-27,48.82584371419026,46,1962
2022-10-28,48.59739776245446,46,1962
2022-10-29,49.812051378319566,46,1963
2022-10-30,50.38023163867032,46,1964
2022-10-31,53.04839436695284,46,1963
2022-11-01,54.706625001750204,46,1963
2022-11-02,53.81157381651569,46,1960
2022-11-03,50.8029060619044,46,1964
2022-11-04,51.6191568169188,46,1964
2022-11-05,53.507527319111304,46,1964
2022-11-06,54.960845232139675,46,1964
2022-11-07,53.723398686069075,46,1963
2022-11-08,49.86400296067804,46,1962
2022-11-09,47.681384365085606,46,1963
2022-11-10,48.12636437907696,46,1962
2022-11-11,45.6383060800002,46,1962
2022-11-12,42.5570627688391,46,1959
2022-11-13,36.10226657602003,46,1962
2022-11-14,33.817012639151045,46,1963
2022-11-15,34.35346400715152,46,1962
2022-11-16,35.08132774524523,46,1962
2022-11-17,31.96780941354621,46,1961
2022-11-18,29.41844650527226,46,1963
2022-11-19,30.19926004554575,46,1962
2022-11-20,31.02138146135816,46,1964
2022-11-21,33.89678750748831,46,1964
2022-11-22,38.686186168114446,46,1966
2022-11-23,40.7995959296888,46,1965
2022-11-24,41.93588960156077,46,1965
2022-11-25,44.199121990588075,46,1962
2022-11-26,42.71649782077523,46,1962
2022-11-27,43.41360021658984,46,1963
2022-11-28,41.1131039267141,46,1960
2022-11-29,38.49254016079076,46,1956
2022-11-30,37.471165931453605,46,1949
2022-12-01,34.42928422127976,45,1934
2022-12-02,36.610918386712854,45,1936
2022-12-03,39.648712093679364,45,1940
2022-12-04,36.52492760271379,45,1938
2022-12-05,36.728619858501546,45,1938
2022-12-06,40.37868933193942,45,1939
2022-12-07,42.71705034983009,45,1939
2022-12-08,41.19296837254174,45,1941
2022-12-09,38.86414952145122,45,1936
2022-12-10,38.204905494110484,45,1937
2022-12-11,37.89069978123449,45,1929
2022-12-12,35.6654445081958,45,1929
2022-12-13,34.32342012131598,45,1928
2022-12-14,34.13164739071412,45,1933
2022-12-15,34.025463999631754,45,1936
2022-12-16,31.844089884846607,45,1933
2022-12-17,30.299682507132385,45,1935
2022-12-18,27.359075645886286,45,1937
2022-12-19,27.05432850219553,45,1934
2022-12-20,28.04578016314004,45,1934
2022-12-21,25.771730538206025,45,1932
2022-12-22,24.148997079733782,45,1922
2022-12-23,20.74588333344837,45,1924
2022-12-24,16.61105697223223,45,1933
2022-12-25,22.294577096689544,45,1931
2022-12-26,26.495248760441527,45,1932
2022-12-27,30.507571287702458,45,1929
2022-12-28,35.149233919308244,45,1929
2022-12-29,40.29443115045183,45,1934
2022-12-30,41.878253350898504,45,1932
2022-12-31,43.07997063523118,45,1844
2023-01-01,43.07450604011581,47,2110
2023-01-02,41.49929818136115,47,2109
2023-01-03,41.93226921660032,47,2107
2023-01-04,41.20521595713848,47,2106
2023-01-05,38.665217591567135,47,2108
2023-01-06,35.56495220753728,47,2112
2023-01-07,35.16938147349677,47,2112
2023-01-08,34.51990182123379,47,2111
2023-01-09,35.82947630041447,47,2112
2023-01-10,37.18491596879437,47,2111
2023-01-11,37.75832404946316,47,2115
2023-01-12,39.477375127772184,47,2116
2023-01-13,37.2885767968126,47,2117
2023-01-14,33.33578603088411,47,2115
2023-01-15,34.254306442807874,47,2109
2023-01-16,37.26165718164469,47,2112
2023-01-17,39.245704361198136,47,2112
2023-01-18,39.336839648320286,47,2114
2023-01-19,38.185873677102826,47,2116
2023-01-20,34.12957992530344,47,2115
2023-01-21,32.767350650670146,47,2118
2023-01-22,31.619531414275503,47,2117
2023-01-23,31.76561064593833,47,2118
2023-01-24,32.14919046090941,47,2121
2023-01-25,33.06497648885209,47,2122
2023-01-26,32.98264988595943,47,2118
2023-01-27,32.31947551984806,47,2117
2023-01-28,32.261375628936705,47,2116
2023-01-29,29.51429647732887,47,2116
2023-01-30,27.75431125129595,47,2117
2023-01-31,26.204755288235596,47,2116
2023-02-01,26.831101449030793,47,2114
2023-02-02,28.996290038445434,47,2117
2023-02-03,26.390169336342915,47,2117
2023-02-04,26.68449639746974,47,2119
2023-02-05,36.763878551929224,47,2120
2023-02-06,38.56061412321908,47,2120
2023-02-07,38.52600073982045,47,2121
2023-02-08,40.63382549496961,47,2122
2023-02-09,39.7872050316816,47,2120
2023-02-10,39.72760581657112,47,2119
2023-02-11,36.93805585671155,47,2118
2023-02-12,37.62890303675705,47,2117
2023-02-13,39.74192800299862,47,2119
2023-02-14,39.803345242959786,47,2121
2023-02-15,40.48898089406321,47,2119
2023-02-16,39.35554918068107,47,2121
2023-02-17,35.33872416193007,47,2123
2023-02-18,32.86545018216184,47,2122
2023-02-19,39.364872839976,47,2121
2023-02-20,44.037963425188046,47,2124
2023-02-21,41.253805742902834,47,2122
2023-02-22,37.17304088421766,47,2110
2023-02-23,35.17722831495326,47,2111
2023-02-24,32.12044181196388,47,2121
2023-02-25,33.0371409763577,47,2119
2023-02-26,37.164121283933696,47,2120
2023-02-27,40.83362355318475,47,2118
2023-02-28,40.81165004218138,47,2113
2023-03-01,41.22581065232662,47,2121
2023-03-02,41.05203855568269,47,2121
2023-03-03,40.23564304422012,47,2121
2023-03-04,39.772673413839954,47,2121
2023-03-05,40.7114034323196,47,2116
2023-03-06,42.53608987831783,47,2119
2023-03-07,40.54902328979302,47,2116
2023-03-08,38.27131150700775,47,2118
2023-03-09,39.22192335764257,47,2118
2023-03-10,39.31685507566451,47,2113
2023-03-11,38.40909484725564,47,2116
2023-03-12,37.38066225162204,47,2117
2023-03-13,36.38832244902697,47,2117
2023-03-14,35.69742422125514,47,2119
2023-03-15,38.05900219742183,47,2116
2023-03-16,40.1979395635702,47,2119
2023-03-17,38.09438621178005,47,2118
2023-03-18,34.52909575009796,47,2120
2023-03-19,32.20976802013239,47,2119
2023-03-20,35.483802263939666,47,2119
2023-03-21,40.2106450108251,47,2118
2023-03-22,44.27655146021965,47,2117
2023-03-23,47.08754372803413,47,2117
2023-03-24,44.76665699487555,47,2118
2023-03-25,42.5521724968174,47,2120
2023-03-26,42.90471572890413,47,2117
2023-03-27,42.28412044838246,47,2119
2023-03-28,41.27494742691146,47,2119
2023-03-29,40.62764538085282,47,2118
2023-03-30,41.466470502755115,47,2118
2023-03-31,45.770481895093916,47,2118
2023-04-01,48.857207030430224,48,2118
2023-04-02,45.761438040604354,48,2119
2023-04-03,46.68791347983341,48,2118
2023-04-04,49.467818684089195,48,2117
2023-04-05,48.65685914058249,48,2117
2023-04-06,47.48826516108096,48,2119
2023-04-07,46.61842300615077,48,2116
2023-04-08,45.58365506910119,48,2118
2023-04-09,48.54441951748786,48,2119
2023-04-10,52.43490864347387,48,2119
2023-04-11,56.30273018832771,48,2119
2023-04-12,58.85049297867722,48,2117
2023-04-13,58.21452073736881,48,2120
2023-04-14,57.64076406613082,48,2120
2023-04-15,55.70142075979307,48,2120
2023-04-16,53.3640703795271,48,2119
2023-04-17,50.63576314848132,48,2118
2023-04-18,50.14257718260321,48,2119
2023-04-19,50.468253437577054,48,2121
2023-04-20,51.71821103918629,48,2121
2023-04-21,51.77696785019061,48,2119
2023-04-22,49.225374107438796,48,2118
2023-04-23,47.05868944682831,48,2118
2023-04-24,47.22870900886816,48,2118
2023-04-25,48.067230804382184,48,2117
2023-04-26,50.48514308195777,48,2116
2023-04-27,52.65480538341021,48,2117
2023-04-28,54.36592266023667,48,2116
2023-04-29,55.08537045001598,48,2116
2023-04-30,53.81873439416441,48,2116
2023-05-01,52.611954150231796,47,2115
2023-05-02,52.340603515820746,47,2111
2023-05-03,53.19485156668752,47,2113
2023-05-04,53.878593078693996,47,2084
2023-05-05,54.90132861325254,47,2112
2023-05-06,58.02242365332294,47,2110
2023-05-07,60.245289400322235,47,2106
2023-05-08,60.88055507201567,47,2105
2023-05-09,60.018873106934976,47,2104
2023-05-10,59.99341331379039,47,2106
2023-05-11,62.365225741184396,47,2112
2023-05-12,64.63077075872489,47,2115
2023-05-13,64.6211585486344,47,2115
2023-05-14,62.31353170713967,47,2115
2023-05-15,61.88503931165753,47,2117
2023-05-16,63.31501467674236,47,2117
2023-05-17,60.39899454969479,47,2118
2023-05-18,58.66122527064901,47,2119
2023-05-19,60.80562516983512,47,2120
2023-05-20,61.53693902616335,47,2118
2023-05-21,62.28910022090734,47,2121
2023-05-22,62.37318738008566,47,2118
2023-05-23,62.64218440196827,47,2115
2023-05-24,61.77987027429054,47,2117
2023-05-25,60.81590257646356,47,2117
2023-05-26,60.855126440505664,47,2117
2023-05-27,61.918942854848936,47,2116
2023-05-28,63.450172288496915,47,2116
2023-05-29,65.12354292864059,47,2117
2023-05-30,65.52531802311196,47,2115
2023-05-31,66.08134128721272,47,2120
2023-06-01,67.3493354305884,47,2118
2023-06-02,68.35583278072595,47,2118
2023-06-03,66.39960582040368,47,2118
2023-06-04,64.6846138657418,47,2116
2023-06-05,65.14763012804431,47,2120
2023-06-06,66.16022196549288,47,2118
2023-06-07,65.05830917362474,47,2119
2023-06-08,63.933248845867816,47,2119
2023-06-09,63.94915955670671,47,2122
2023-06-10,64.43335666972642,47,2121
2023-06-11,65.22213586172248,47,2121
2023-06-12,64.52369715890681,47,2118
2023-06-13,64.54680791276789,47,2116
2023-06-14,65.4846306990734,47,2117
2023-06-15,65.66547039307933,47,2116
2023-06-16,66.02834032318636,47,2118
2023-06-17,66.09574801672656,47,2119
2023-06-18,66.51810471456176,47,2119
2023-06-19,67.65065372492464,47,2117
2023-06-20,67.93646274400281,47,2119
2023-06-21,67.30637475405238,47,2116
2023-06-22,67.06429658394114,47,2115
2023-06-23,68.28194631338175,47,2117
2023-06-24,69.98949879287427,47,2115
2023-06-25,71.60531851262265,47,2115
2023-06-26,70.84160739355336,47,2115
2023-06-27,70.02667958124796,47,2114
2023-06-28,70.79883343362054,47,2113
2023-06-29,71.97293470278525,47,2113
2023-06-30,73.0114642772081,47,2114
2023-07-01,73.34037540235066,47,2115
2023-07-02,73.42713206022286,47,2113
2023-07-03,73.91395849864907,47,2113
2023-07-04,73.10421440525506,47,2112
2023-07-05,72.85123884489805,47,2112
2023-07-06,72.89812676206134,47,2111
2023-07-07,72.1698129628649,47,2110
2023-07-08,71.70545032788655,47,2112
2023-07-09,71.93112791801973,47,2112
2023-07-10,71.76183947391924,47,2110
2023-07-11,72.51822728937333,47,2112
2023-07-12,73.96134044489068,47,2110
2023-07-13,74.78365773327407,47,2110
2023-07-14,74.51439731598985,47,2111
2023-07-15,74.61505730506322,47,2109
2023-07-16,74.50267965429741,47,2111
2023-07-17,74.11100346836976,47,2113
2023-07-18,73.98513533865038,47,2113
2023-07-19,74.03976693963271,47,2113
2023-07-20,74.3847481172941,47,2113
2023-07-21,73.37062313111794,47,2114
2023-07-22,73.04738975564149,47,2117
2023-07-23,74.01647915508076,47,2117
2023-07-24,74.62800692027815,47,2116
2023-07-25,75.29331887367871,47,2116
2023-07-26,76.4436572429626,47,2115
2023-07-27,77.15520985780309,47,2116
2023-07-28,77.07356353601698,47,2119
2023-07-29,75.60721858102389,47,2118
2023-07-30,73.18647491375397,47,2113
2023-07-31,72.29538194899295,47,2115
2023-08-01,72.16594120626195,48,2112
2023-08-02,71.95850088870414,48,2114
2023-08-03,72.3243919987399,48,2116
2023-08-04,72.39075484837393,48,2120
2023-08-05,72.77914728180279,48,2120
2023-08-06,72.20756681331665,48,2118
2023-08-07,71.27204122247615,48,2120
2023-08-08,70.88308004641854,48,2118
2023-08-09,71.46591096657487,48,2117
2023-08-10,71.75489947988986,48,2115
2023-08-11,72.78512410834779,48,2117
2023-08-12,73.20116984761079,48,2117
2023-08-13,73.36293902618095,48,2113
2023-08-14,72.98407266354184,48,2115
2023-08-15,72.80376485666177,48,2111
2023-08-16,72.33931234317006,48,2112
2023-08-17,72.3868485465624,48,2113
2023-08-18,72.09295747740943,48,2118
2023-08-19,71.45188956891035,48,2117
2023-08-20,72.69472553597939,48,2118
2023-08-21,74.36469023817821,48,2118
2023-08-22,73.39395182300055,48,2114
2023-08-23,72.83517869882232,48,2114
2023-08-24,73.71658980086245,48,2115
2023-08-25,73.65684312758229,48,2115
2023-08-26,73.42230917918273,48,2116
2023-08-27,71.61336608127183,48,2118
2023-08-28,70.69459852636575,48,2115
2023-08-29,70.70272968141795,48,2114
2023-08-30,69.89842813157928,48,2116
2023-08-31,68.00428772424533,48,2116
2023-09-01,68.06127201517734,48,2121
2023-09-02,70.0239935909488,48,2119
2023-09-03,72.42088988397683,48,2120
2023-09-04,72.54333659432324,48,2121
2023-09-05,72.76416546810142,48,2119
2023-09-06,72.16254060724016,48,2115
2023-09-07,71.27742345788307,48,2116
2023-09-08,70.10091660555499,48,2121
2023-09-09,69.0863545826359,48,2120
2023-09-10,67.67944309946382,48,2120
2023-09-11,67.05297402739585,48,2121
2023-09-12,66.14085222511136,48,2119
2023-09-13,65.23027107432236,48,2122
2023-09-14,64.34034241857914,48,2121
2023-09-15,63.43220195762865,48,2124
2023-09-16,64.05075993659416,48,2125
2023-09-17,64.270434808285,48,2125
2023-09-18,63.84577882855456,48,2124
2023-09-19,63.58421163149051,48,2117
2023-09-20,63.431546017948556,48,2119
2023-09-21,63.389651741797394,48,2121
2023-09-22,62.7256195839077,48,2124
2023-09-23,62.161870007380266,48,2124
2023-09-24,62.77145002382044,48,2123
2023-09-25,63.79485431199152,48,2122
2023-09-26,63.18675228873973,48,2124
2023-09-27,62.23286562469831,48,2125
2023-09-28,61.98719282818177,48,2125
2023-09-29,63.091099732190344,48,2125
2023-09-30,63.82703528409585,48,2120
2023-10-01,64.32076643583787,48,2126
2023-10-02,63.780368441721265,48,2127
2023-10-03,63.67270957772612,48,2124
2023-10-04,63.73613265636357,48,2124
2023-10-05,62.404170293097195,48,2123
2023-10-06,60.3702193023351,48,2127
2023-10-07,56.92329757543354,48,2125
2023-10-08,54.239310694019814,48,2125
2023-10-09,54.05515818026394,48,2127
2023-10-10,54.722267038182736,48,2128
2023-10-11,54.46341807730599,48,2124
2023-10-12,54.48130145153713,48,2125
2023-10-13,54.342513730157215,48,2127
2023-10-14,52.83901017881559,48,2127
2023-10-15,51.95596215547936,48,2128
2023-10-16,51.46289457343579,48,2130
2023-10-17,52.7008546096372,48,2128
2023-10-18,54.80139409736669,48,2129
2023-10-19,56.960769298430314,48,2129
2023-10-20,58.41814364067969,48,2130
2023-10-21,57.036918026203246,48,2129
2023-10-22,54.63076535864143,48,2128
2023-10-23,53.27381707397643,48,2126
2023-10-24,54.18890697435456,48,2126
2023-10-25,55.85968827944155,48,2121
2023-10-26,55.57340063892528,48,2118
2023-10-27,54.25593326902438,48,2120
2023-10-28,50.74860582290549,48,2123
2023-10-29,46.15669917084568,48,2126
2023-10-30,43.13679501644321,48,2127
2023-10-31,39.70529134934363,48,2126
2023-11-01,38.82714130841192,48,2128
2023-11-02,41.021379756150644,48,2130
2023-11-03,46.29707702143543,48,2127
2023-11-04,49.401755443375556,48,2125
2023-11-05,50.714541337637364,48,2125
2023-11-06,51.29202764383542,48,2125
2023-11-07,52.89550745073108,48,2128
2023-11-08,49.23610958330365,48,2122
2023-11-09,47.061868676850594,48,2123
2023-11-10,44.58338279426187,48,2123
2023-11-11,43.186564373953786,48,2123
2023-11-12,44.48251486915447,48,2122
2023-11-13,44.62273997872297,48,2124
2023-11-14,46.04680458252807,48,2125
2023-11-15,46.889962433872114,48,2121
2023-11-16,49.18922450484572,48,2120
2023-11-17,49.53043294036532,48,2123
2023-11-18,46.91622850957325,48,2122
2023-11-19,42.51390039329146,48,2122
2023-11-20,42.150176130427134,48,2121
2023-11-21,42.07939471978336,48,2121
2023-11-22,42.84380153530383,48,2123
2023-11-23,39.264454843440866,48,2123
2023-11-24,35.50561912975524,48,2118
2023-11-25,32.69311194101051,48,2119
2023-11-26,34.1975293279238,48,2119
2023-11-27,34.70296581964831,48,2120
2023-11-28,32.395462447257394,48,2120
2023-11-29,33.228725008734806,48,2123
2023-11-30,37.13214378959953,48,2119
2023-12-01,39.942843531496706,47,2116
2023-12-02,42.143620932010286,47,2113
2023-12-03,43.009915494744675,47,2114
2023-12-04,41.54241853273485,47,2114
2023-12-05,39.98908200000918,47,2111
2023-12-06,38.844986650624165,47,2109
2023-12-07,38.22684952647534,47,2111
2023-12-08,40.480768179697144,47,2114
2023-12-09,41.63262111343285,47,2116
2023-12-10,40.75589237074958,47,2114
2023-12-11,36.92808127277124,47,2115
2023-12-12,35.14659604941742,47,2118
2023-12-13,36.376060225966995,47,2118
2023-12-14,36.98043099530154,47,2117
2023-12-15,39.93441940715935,47,2117
2023-12-16,41.541509712094715,47,2117
2023-12-17,41.990759830485864,47,2118
2023-12-18,40.92556620503415,47,2115
2023-12-19,36.120021577989746,47,2120
2023-12-20,36.84678508900496,47,2117
2023-12-21,38.7324827254124,47,2117
2023-12-22,39.13059770775545,47,2116
2023-12-23,40.15929028788918,47,2117
2023-12-24,41.257286078665125,47,2117
2023-12-25,40.413655739424776,47,2116
2023-12-26,39.65796880480268,47,2114
2023-12-27,39.8638079583628,47,2115
2023-12-28,39.06220011453319,47,2115
2023-12-29,37.62603364521566,47,2118
2023-12-30,36.57832135678995,47,2118
2023-12-31,34.685692081648284,47,957
2024-01-01,33.34295739433978,47,2113
2024-01-02,32.13745790269926,47,2116
2024-01-03,32.467623749339225,47,2116
2024-01-04,32.44464315063796,47,2114
2024-01-05,30.256790054990336,47,2116
2024-01-06,32.15262486009884,47,2115
2024-01-07,30.902338089539427,47,2115
2024-01-08,30.511831993524815,47,2111
2024-01-09,33.14982336065875,47,2114
2024-01-10,34.063834207231864,47,2108
2024-01-11,31.587934219061985,47,2104
2024-01-12,29.049506461243478,47,2106
2024-01-13,26.0504662567952,47,2103
2024-01-14,20.704513762007764,47,2101
2024-01-15,17.071744589451214,47,2101
2024-01-16,18.603035194651728,47,2107
2024-01-17,20.833259786499575,47,2111
2024-01-18,25.719375766864044,47,2110
2024-01-19,25.09700783514967,47,2111
2024-01-20,20.607584657768875,47,2112
2024-01-21,23.8122877511744,47,2109
2024-01-22,30.84168442532936,47,2113
2024-01-23,37.59124617386649,47,2112
2024-01-24,40.58401522092078,47,2114
2024-01-25,43.702827741122135,47,2116
2024-01-26,42.87307304672982,47,2117
2024-01-27,41.44265174432839,47,2120
2024-01-28,40.431841375828576,47,2120
2024-01-29,39.331967526453816,47,2118
2024-01-30,39.31734783765896,47,2118
2024-01-31,39.90105938985311,47,2119
2024-02-01,40.755501643997306,47,2118
2024-02-02,41.08959779399482,47,2119
2024-02-03,37.96250740078495,47,2119
2024-02-04,36.82399123720254,47,2119
2024-02-05,38.279636556264165,47,2120
2024-02-06,38.05558949383028,47,2115
2024-02-07,38.37141722011725,47,2120
2024-02-08,40.84434790268626,47,2117
2024-02-09,41.51992253196542,47,2116
2024-02-10,40.93165414327719,47,2119
2024-02-11,39.75988120838146,47,2120
2024-02-12,38.43157418741133,47,2119
2024-02-13,36.97429353425071,47,2120
2024-02-14,35.825101373543696,47,2121
2024-02-15,36.36612996013441,47,2121
2024-02-16,34.271947733995795,47,2120
2024-02-17,29.416472998249116,47,2117
2024-02-18,31.136980256752906,47,2118
2024-02-19,35.443342237550326,47,2116
2024-02-20,38.055976946961685,47,2118
2024-02-21,41.421938855939764,47,2119
2024-02-22,43.5136497557585,47,2119
2024-02-23,42.949969338731925,47,2120
2024-02-24,39.39744244481273,47,2119
2024-02-25,40.21559611670577,47,2116
2024-02-26,46.084679559735804,47,2117
2024-02-27,45.097432949674726,47,2119
2024-02-28,41.51356718430603,47,2117
2024-02-29,35.66356140041162,47,2121
2024-03-01,38.44845016818413,47,2118
2024-03-02,43.35561273848112,47,2112
2024-03-03,46.78177924086731,47,2113
2024-03-04,46.77769468294402,47,2115
2024-03-05,45.332328132114284,47,2120
2024-03-06,45.066405427935024,47,2120
2024-03-07,43.698187613072335,47,2118
2024-03-08,42.796793969445346,47,2118
2024-03-09,41.601531948372994,47,2119
2024-03-10,41.76236660371691,47,2119
2024-03-11,43.1607439065755,47,2118
2024-03-12,47.75557046975931,47,2119
2024-03-13,48.86910510174961,47,2120
2024-03-14,49.843184327996234,47,2120
2024-03-15,48.68697216163337,47,2120
2024-03-16,47.23263179374795,47,2119
2024-03-17,45.46750740455761,47,2117
2024-03-18,41.16262755283371,47,2117
2024-03-19,41.64184224859683,47,2120
2024-03-20,43.91275238046912,47,2120
2024-03-21,40.973392397074626,47,2118
2024-03-22,41.35539323758132,47,2118
2024-03-23,40.57741544160971,47,2121
2024-03-24,38.4604247291246,47,2121
2024-03-25,41.516832289199286,47,2119
2024-03-26,40.92293928997268,47,2119
2024-03-27,41.42305207280637,47,2120
2024-03-28,43.933143979715084,47,2119
2024-03-29,46.07226310905235,47,2116
2024-03-30,48.425256108694406,47,2118
2024-03-31,49.538194778852215,47,2118
2024-04-01,50.16313787379561,48,2120
2024-04-02,50.283176106966074,48,2121
2024-04-03,46.749984272473334,48,2120
2024-04-04,44.18144627578411,48,2118
2024-04-05,44.152038036835755,48,2120
2024-04-06,43.93066459925836,48,2120
2024-04-07,46.70590631856899,48,2119
2024-04-08,50.205352724287415,48,2121
2024-04-09,52.94876866818529,48,2121
2024-04-10,53.38231903656588,48,2121
2024-04-11,54.033961139883196,48,2119
2024-04-12,54.420443270650104,48,2121
2024-04-13,55.37156512765509,48,2121
2024-04-14,58.02325090213957,48,2124
2024-04-15,58.7995160498862,48,2120
2024-04-16,57.79081158881825,48,2123
2024-04-17,55.66632727608353,48,2122
2024-04-18,53.70675832018788,48,2122
2024-04-19,51.29388022954705,48,2123
2024-04-20,50.506860477242945,48,2120
2024-04-21,48.36148425248147,48,2122
2024-04-22,50.00246826406748,48,2121
2024-04-23,53.36113971141634,48,2119
2024-04-24,54.42083810972218,48,2119
2024-04-25,51.95821639475409,48,2120
2024-04-26,52.43798935776123,48,2118
2024-04-27,55.369342131489134,48,2121
2024-04-28,56.71736197205968,48,2119
2024-04-29,58.36992629740411,48,2115
2024-04-30,57.66149739054604,48,2116
2024-05-01,57.85516404559158,48,2119
2024-05-02,58.516054556146265,48,2120
2024-05-03,58.09195708557459,48,2119
2024-05-04,57.19561827616834,48,2119
2024-05-05,56.19747897713373,48,2120
2024-05-06,58.42814215529859,48,2116
2024-05-07,60.24539712225273,48,2112
2024-05-08,60.41288967763399,48,2110
2024-05-09,59.4771118907773,48,2106
2024-05-10,57.42425547874564,48,2112
2024-05-11,57.63278728999119,48,2116
2024-05-12,58.796359347877846,48,2114
2024-05-13,59.88645742494202,48,2115
2024-05-14,61.07098073541969,48,2116
2024-05-15,61.6145918302853,48,2116
2024-05-16,62.39232756546624,48,2115
2024-05-17,62.97623302945417,48,2115
2024-05-18,63.258777190529294,48,2116
2024-05-19,63.34537663129555,48,2117
2024-05-20,62.794208539471775,48,2116
2024-05-21,63.66101334745937,48,2116
2024-05-22,64.6144694788614,48,2116
2024-05-23,64.18546798436914,48,2118
2024-05-24,64.7750935537876,48,2117
2024-05-25,64.01881495346312,48,2116
2024-05-26,65.4755723297312,48,2117
2024-05-27,65.78515646340726,48,2115
2024-05-28,66.07205508119088,48,2113
2024-05-29,63.58335384535079,48,2115
2024-05-30,61.78398364247884,48,2114
2024-05-31,62.709869640695366,48,2115
2024-06-01,64.9573075033348,48,2114
2024-06-02,66.40451800573372,48,2115
2024-06-03,68.07816929176757,48,2115
2024-06-04,68.52164765306362,48,2112
2024-06-05,69.5226643243915,48,2113
2024-06-06,70.67896762142799,48,2119
2024-06-07,70.16941119159807,48,2118
2024-06-08,68.72820823700823,48,2118
2024-06-09,67.66073581555403,48,2118
2024-06-10,65.97302435131326,48,2111
2024-06-11,66.5076946150218,48,2109
2024-06-12,69.44139092426026,48,2110
2024-06-13,71.81422788787891,48,2114
2024-06-14,71.85996963898448,48,2117
2024-06-15,70.12155747107012,48,2117
2024-06-16,69.48193648028673,48,2115
2024-06-17,70.06358675429486,48,2116
2024-06-18,70.9054715165447,48,2114
2024-06-19,71.31191854096214,48,2116
2024-06-20,72.91881998399097,48,2116
2024-06-21,73.71161559153482,48,2116
2024-06-22,74.53289896670078,48,2118
2024-06-23,75.26755829927428,48,2117
2024-06-24,75.33940333401762,48,2114
2024-06-25,75.58443397545898,48,2105
2024-06-26,74.17647679653857,48,2098
2024-06-27,70.77225631987774,48,2105
2024-06-28,70.15258366316927,48,2106
2024-06-29,72.31080808191435,48,2106
2024-06-30,72.67217026262495,48,2106
2024-07-01,69.71703848270923,48,2104
2024-07-02,70.79217412777838,48,2098
2024-07-03,73.00768613648707,48,2106
2024-07-04,73.66753916539876,48,2108
2024-07-05,74.02552893356393,48,2109
2024-07-06,74.49874450712345,48,2109
2024-07-07,74.6730363365392,48,2109
2024-07-08,75.217189918303,48,2108
2024-07-09,76.1174594614393,48,2099
2024-07-10,76.38364748135395,48,2101
2024-07-11,75.95478772857463,48,2107
2024-07-12,76.38955638402588,48,2112
2024-07-13,77.3754011555891,48,2111
2024-07-14,77.64917294240387,48,2113
2024-07-15,77.6860757002576,48,2114
2024-07-16,76.89947229334584,48,2113
2024-07-17,74.77515466822088,48,2106
2024-07-18,73.08349097397364,48,2109
2024-07-19,72.03511967946369,48,2112
2024-07-20,72.69133815524508,48,2113
2024-07-21,72.78495960806335,48,2113
2024-07-22,72.35522091135071,48,2108
2024-07-23,72.97661910604006,48,2105
2024-07-24,73.5178330736769,48,2101
2024-07-25,73.26408095876631,48,2102
2024-07-26,72.38919235081428,48,2106
2024-07-27,72.63865912985773,48,2109
2024-07-28,73.06259143938964,48,2106
2024-07-29,73.73069365667864,48,2107
2024-07-30,75.09438721595568,48,2106
2024-07-31,76.20677209488737,48,2102
2024-08-01,77.93255517700197,48,2091
2024-08-02,78.09564178681431,48,2101
2024-08-03,76.68526926745142,48,2106
2024-08-04,75.32550976830099,48,2106
2024-08-05,75.46499621477246,48,2104
2024-08-06,74.22851341952925,48,2098
2024-08-07,72.10814597578333,48,2103
2024-08-08,70.67691944072202,48,2107
2024-08-09,70.79108187945397,48,2111
2024-08-10,70.99323105438795,48,2110
2024-08-11,69.9690926639695,48,2112
2024-08-12,69.92397463976964,48,2104
2024-08-13,70.45576093166325,48,2097
2024-08-14,71.5449220740511,48,2098
2024-08-15,72.09333607004645,48,2102
2024-08-16,72.72452986997834,48,2106
2024-08-17,72.72924235383229,48,2110
2024-08-18,72.2795864556977,48,2110
2024-08-19,71.41170244849873,48,2106
2024-08-20,68.4991816975144,48,2103
2024-08-21,66.65790509315931,48,2102
2024-08-22,66.78961548847974,48,2104
2024-08-23,68.31231110994953,48,2104
2024-08-24,69.93146499642387,48,2106
2024-08-25,71.22981654759796,48,2106
2024-08-26,72.09707746783316,48,2107
2024-08-27,72.54396109959198,48,2104
2024-08-28,72.96988074934418,48,2103
2024-08-29,71.87873235546988,48,2103
2024-08-30,70.91217333861907,48,2106
2024-08-31,71.29556478170393,48,2104
2024-09-01,71.53916979412078,48,2102
2024-09-02,69.21232815207553,48,2102
2024-09-03,66.87532996573937,48,2102
2024-09-04,67.36493471729366,48,2105
2024-09-05,68.22730130921575,48,2105
2024-09-06,67.58055020750554,48,2106
2024-09-07,65.59343552597929,48,2108
2024-09-08,63.58889395416106,48,2107
2024-09-09,65.15972269187994,48,2106
2024-09-10,66.81729231222175,48,2106
2024-09-11,66.30642983147597,48,2099
2024-09-12,65.88506078069271,48,2103
2024-09-13,66.78796344904386,48,2108
2024-09-14,68.39184601663148,48,2108
2024-09-15,68.50762014205065,48,2107
2024-09-16,67.08539202670914,48,2107
2024-09-17,66.37768259644871,48,2105
2024-09-18,66.81438106501518,48,2104
2024-09-19,68.4572270079929,48,2107
2024-09-20,68.30992871504586,48,2109
2024-09-21,66.65826104618782,48,2107
2024-09-22,64.87980002066115,48,2108
2024-09-23,63.97493383470502,48,2104
2024-09-24,65.07568483990558,48,2102
2024-09-25,65.42523002353222,48,2097
2024-09-26,65.97644267083518,48,2101
2024-09-27,66.5254315247307,48,2102
2024-09-28,66.93475664594139,48,2098
2024-09-29,66.4020244578656,48,2098
2024-09-30,64.50566633487306,48,2100
2024-10-01,63.531625737462655,48,2094
2024-10-02,62.37326118091434,48,2095
2024-10-03,62.43199997780007,48,2096
2024-10-04,63.711392852517214,48,2099
2024-10-05,64.46546060345243,48,2100
2024-10-06,62.70949885405863,48,2099
2024-10-07,61.338056109518725,48,2099
2024-10-08,58.94036818429179,48,2097
2024-10-09,58.68512940677599,48,2099
2024-10-10,58.28692016176428,48,2100
2024-10-11,58.290570069774446,48,2103
2024-10-12,60.099627680137445,48,2105
2024-10-13,58.28464981931591,48,2106
2024-10-14,55.45850013518038,48,2104
2024-10-15,50.97548137123335,48,2107
2024-10-16,48.82651029278413,48,2107
2024-10-17,48.29036592076033,48,2106
2024-10-18,49.67389997032635,48,2106
2024-10-19,52.59670872162504,48,2110
2024-10-20,55.675088409286,48,2110
2024-10-21,57.726448899019424,48,2110
2024-10-22,58.44419411609466,48,2109
2024-10-23,58.226713796261,48,2108
2024-10-24,55.44709385319612,48,2102
2024-10-25,53.72086565652004,48,2108
2024-10-26,54.807931114693,48,2106
2024-10-27,52.42849497353273,48,2106
2024-10-28,52.46034637004965,48,2103
2024-10-29,53.961149535886534,48,2106
2024-10-30,55.70499690932209,48,2107
2024-10-31,54.86437662583913,48,2107
2024-11-01,53.28487816941604,48,2108
2024-11-02,49.99801558481662,48,2107
2024-11-03,49.09417843485732,48,2106
2024-11-04,50.60593854623696,48,2108
2024-11-05,53.253041036423404,48,2110
2024-11-06,53.16829805366853,48,2110
2024-11-07,52.299737551975916,48,2110
2024-11-08,50.870773359181264,48,2107
2024-11-09,49.15932322611516,48,2106
2024-11-10,50.02297345134818,48,2109
2024-11-11,51.9760928292459,47,2105
2024-11-12,47.049409364202354,48,2106
2024-11-13,44.47616669222547,48,2105
2024-11-14,44.82824910497666,48,2105
2024-11-15,44.646704475619735,48,2106
2024-11-16,45.035614179726984,48,2107
2024-11-17,46.33766333293201,48,2106
2024-11-18,48.08965288767126,48,2099
2024-11-19,46.80697204481124,48,2101
2024-11-20,44.872916208742886,48,2100
2024-11-21,41.28635909517713,48,2101
2024-11-22,40.60282666031785,48,2105
2024-11-23,41.36993708356433,48,2102
2024-11-24,42.55755923858045,48,2101
2024-11-25,41.92955180317961,48,2103
2024-11-26,40.62010132402223,48,2101
2024-11-27,38.7673525535533,48,2086
2024-11-28,37.112564766715,48,2106
2024-11-29,32.55594904089423,48,2105
2024-11-30,30.582013081804757,48,2105
2024-12-01,31.858048608525326,48,2101
2024-12-02,31.479465203620467,48,2103
2024-12-03,31.641137636436156,48,2102
2024-12-04,34.55969244414293,48,2101
2024-12-05,34.44930423887451,48,2101
2024-12-06,30.984277671130958,48,2100
2024-12-07,35.375385931560835,48,2102
2024-12-08,41.376100190505205,48,2102
2024-12-09,40.86389038558362,48,2104
2024-12-10,39.12503983317557,48,2100
2024-12-11,36.837003152305975,48,2103
2024-12-12,31.314252252464275,48,2101
2024-12-13,30.520013138085037,48,2099
2024-12-14,35.336118092354205,48,2100
2024-12-15,37.94175049179143,48,2098
2024-12-16,42.434897470846664,48,2100
2024-12-17,44.04109326596038,48,2101
2024-12-18,41.37741708250473,48,2101
2024-12-19,38.09324672608182,48,2103
2024-12-20,34.22565403751053,48,2102
2024-12-21,31.37987607738373,48,2103
2024-12-22,29.762280198145742,48,2104
2024-12-23,32.61815306111207,48,2103
2024-12-24,36.34029085446216,48,2103
2024-12-25,35.92359254466466,48,2100
2024-12-26,37.12357396403623,48,2099
2024-12-27,39.33369499547964,48,2099
2024-12-28,43.92320802617431,48,2098
2024-12-29,45.51788968952831,48,2096
2024-12-30,43.2181180265373,48,2099
2024-12-31,38.82150270086645,48,2017
2025-01-01,35.509939726088696,48,2039
2025-01-02,33.63929851166,48,2067
2025-01-03,32.34800767295264,48,2100
2025-01-04,27.738545223451226,48,2099
2025-01-05,27.447021863735714,48,2094
2025-01-06,25.8632875239251,48,2094
2025-01-07,23.10685214259379,48,2090
2025-01-08,23.871974687160954,48,2092
2025-01-09,24.464984357116233,48,2096
2025-01-10,27.57413222149468,48,2097
2025-01-11,28.97487835727054,48,2097
2025-01-12,27.94646432541121,48,2097
2025-01-13,27.253451183719335,48,2098
2025-01-14,25.998547257400777,48,2099
2025-01-15,27.15928326819893,48,2097
2025-01-16,31.828324580179977,48,2099
2025-01-17,33.21118047830175,48,2101
2025-01-18,30.363797078478886,48,2101
2025-01-19,23.500756340183084,48,2100
2025-01-20,14.162352741073542,48,2099
2025-01-21,14.343081832627965,48,2098
2025-01-22,18.38539445054787,48,2098
2025-01-23,21.902736177895335,48,2098
2025-01-24,24.67953266528549,48,2100
2025-01-25,26.439692511212684,48,2102
2025-01-26,30.370711639902712,48,2103
2025-01-27,32.42639288843345,48,2102
2025-01-28,35.409802418163046,48,2099
2025-01-29,37.696875482997875,48,2102
2025-01-30,36.63326036649673,48,2102
2025-01-31,40.227053292231325,48,2101
2025-02-01,37.18089328252652,47,2107
2025-02-02,35.966108813127576,47,2107
2025-02-03,40.58982659126995,47,2105
2025-02-04,38.60990927842329,47,2099
2025-02-05,34.03558783876035,47,2100
2025-02-06,36.5925677350656,47,2102
2025-02-07,37.14351971390336,47,2102
2025-02-08,34.91248146005751,47,2102
2025-02-09,32.555814803652346,47,2102
2025-02-10,28.9471726026885,47,2102
2025-02-11,25.540836103733028,47,2102
2025-02-12,25.051667664101334,47,2102
2025-02-13,27.9683734445392,47,2103
2025-02-14,28.962554552144947,47,2103
2025-02-15,32.29245152299981,47,2106
2025-02-16,31.28089481789565,47,2103
2025-02-17,25.275607639531824,47,2103
2025-02-18,22.048206330612764,47,2101
2025-02-19,20.79140329661062,47,2097
2025-02-20,21.300454636099854,47,2096
2025-02-21,24.824915672476102,47,2104
2025-02-22,30.538724593415562,47,2102
2025-02-23,37.41296837579032,47,2101
2025-02-24,42.73037237199339,47,2103
2025-02-25,45.39816214280384,47,2098
2025-02-26,45.06352607499107,47,2100
2025-02-27,45.342000526637385,47,2101
2025-02-28,44.69567696352146,47,2102
2025-03-01,42.22513435637722,48,2106
2025-03-02,34.589065553222255,48,2109
2025-03-03,36.44937100928724,48,2108
2025-03-04,42.09855983597706,48,2110
2025-03-05,42.62093486511479,48,2110
2025-03-06,38.88705634558948,48,2103
2025-03-07,38.16974049735075,48,2103
2025-03-08,40.24547446306365,48,2103
2025-03-09,41.97727111845156,48,2103
2025-03-10,46.316551419764174,48,2102
2025-03-11,47.66050972999915,48,2098
2025-03-12,47.54563136419108,48,2104
2025-03-13,47.77444382188074,48,2101
2025-03-14,48.33235743597344,48,2100
2025-03-15,46.91221653163138,48,2102
2025-03-16,46.75730217872954,48,2102
2025-03-17,46.16659832797122,48,2111
2025-03-18,45.15877532447666,48,2111
2025-03-19,46.148271183795806,48,2109
2025-03-20,43.437372659830906,48,2110
2025-03-21,42.42122098021538,48,2112
2025-03-22,45.22749180381815,48,2111
2025-03-23,44.78316200727624,48,2111
2025-03-24,47.225661958538204,48,2105
2025-03-25,49.703030484466105,48,2107
2025-03-26,49.299720306621786,48,2108
2025-03-27,49.13531504457467,48,2109
2025-03-28,52.660187751255144,48,2110
2025-03-29,52.073400446207415,48,2109
2025-03-30,49.34129826979805,48,2104
2025-03-31,48.80689891321612,48,2106
2025-04-01,45.30653846221957,48,2104
2025-04-02,46.76718666813778,48,2104
2025-04-03,50.283509492060794,48,2107
2025-04-04,51.386777608786666,48,2105
2025-04-05,49.27900162282169,48,2106
2025-04-06,47.660180453878986,48,2105
2025-04-07,45.29589165736733,48,2106
2025-04-08,43.574078750858966,48,2076
2025-04-09,46.14671482298852,48,2107
2025-04-10,50.18576452830778,48,2110
2025-04-11,49.991154455334595,48,2108
2025-04-12,48.940958486931926,48,2110
2025-04-13,51.40280066225555,48,2108
2025-04-14,54.71822435817602,48,2106
2025-04-15,53.59822880661232,48,2109
2025-04-16,51.111884375801075,48,2107
2025-04-17,51.45652681333383,48,2108
2025-04-18,53.60187603905993,48,2108
2025-04-19,56.143038354872424,47,2106
2025-04-20,55.97810296505879,47,2108
2025-04-21,54.95516610183694,48,2109
2025-04-22,56.80551568384221,48,2108
2025-04-23,57.85126434908321,48,2107
2025-04-24,58.032817743419564,48,2105
2025-04-25,58.51319975540718,48,2104
2025-04-26,57.376872287493256,48,2105
2025-04-27,54.954982522219034,48,2106
2025-04-28,58.186515297635566,48,2105
2025-04-29,59.622449645500375,48,2108
2025-04-30,59.03462120403075,48,2107
2025-05-01,58.51587828719199,48,2106
2025-05-02,59.247544505659285,48,2107
2025-05-03,58.429345166065474,48,2109
2025-05-04,56.592228521071405,48,2108
2025-05-05,55.716258929459904,48,2106
2025-05-06,56.72990864339014,48,2107
2025-05-07,58.65179963966801,48,2108
2025-05-08,60.11897385898877,48,2104
2025-05-09,59.238631396239576,48,2102
2025-05-10,59.64768367721908,48,2105
2025-05-11,61.98382060453292,48,2104
2025-05-12,62.83284222201292,48,2103
2025-05-13,62.70915389472325,48,2097
2025-05-14,62.26843896407602,48,2100
2025-05-15,63.57170572107686,48,2100
2025-05-16,64.10649893982816,48,2103
2025-05-17,62.202619025478775,48,2104
2025-05-18,59.63657366146355,48,2100
2025-05-19,58.1794547204148,48,2105
2025-05-20,57.14619595739435,48,2106
2025-05-21,57.58117912659454,48,2105
2025-05-22,57.49337699877009,48,2103
2025-05-23,57.53869924603643,48,2102
2025-05-24,58.6484707393785,48,2104
2025-05-25,59.67008828572373,48,2104
2025-05-26,60.02079693250892,48,2103
2025-05-27,61.390966479944154,48,2103
2025-05-28,62.296717433825116,48,2101
2025-05-29,63.23963604962015,48,2103
2025-05-30,65.00468995032766,48,2104
2025-05-31,64.47147489349037,48,2105
2025-06-01,63.12545687545688,48,2104
2025-06-02,63.4284886949961,48,2107
2025-06-03,64.66657933794868,48,2103
2025-06-04,65.74764078729685,48,2100
2025-06-05,67.58253844008016,48,2104
2025-06-06,68.54817732428113,48,2105
2025-06-07,68.85750388546917,48,2107
2025-06-08,68.08692517579094,48,2107
2025-06-09,67.00814771035293,48,2101
2025-06-10,68.14165062765123,48,2100
2025-06-11,69.66499236292019,48,2104
2025-06-12,69.97744726379752,48,2106
2025-06-13,68.3119351067457,48,2108
2025-06-14,67.70894349850207,48,2109
2025-06-15,68.57582671773004,48,2107
2025-06-16,69.35222613454434,48,2105
2025-06-17,69.58398929192796,48,2101
2025-06-18,71.0125640708797,48,2106
2025-06-19,72.76409632276473,48,2106
2025-06-20,72.15138202100052,48,2105
2025-06-21,72.65814380624379,48,2105
2025-06-22,72.92067076493791,48,2106
2025-06-23,74.44240771912199,48,2106
2025-06-24,75.71664872466759,48,2098
2025-06-25,75.30204193048574,48,2102
2025-06-26,72.48778398057442,48,2106
2025-06-27,71.19936828795142,48,2107
2025-06-28,72.13575583966661,48,2107
2025-06-29,73.89380550260137,48,2104
2025-06-30,74.20988153511415,48,2106
2025-07-01,74.5153390341843,48,2101
2025-07-02,73.79800964484019,48,2107
2025-07-03,73.70889232829408,48,2107
2025-07-04,72.1825606201042,48,2106
2025-07-05,72.85724715744276,48,2105
2025-07-06,74.16126730553621,48,2107
2025-07-07,74.92552292337012,48,2108
2025-07-08,75.34286873767111,48,2107
2025-07-09,74.78357881496287,48,2105
2025-07-10,73.58178006722625,48,2104
2025-07-11,73.77433807215054,48,2105
2025-07-12,73.93605559873313,48,2106
2025-07-13,74.68796066204747,48,2106
2025-07-14,75.27524325245486,48,2106
2025-07-15,74.85005445665264,48,2105
2025-07-16,74.41523831472689,48,2099
2025-07-17,73.86760437743577,48,2096
2025-07-18,73.22832539662242,48,2104
2025-07-19,73.28454055196119,48,2105
2025-07-20,74.41006949036274,48,2104
2025-07-21,72.99127417326983,48,2107
2025-07-22,71.97688157977545,48,2104
2025-07-23,72.96417447632547,48,2101
2025-07-24,74.70981742647358,48,2103
2025-07-25,75.83043148620563,48,2105
2025-07-26,75.29278615358743,48,2105
2025-07-27,75.51234775882416,48,2106
2025-07-28,76.89637913355419,48,2104
2025-07-29,77.24292501697424,48,2103
2025-07-30,75.7643816741372,48,2098
2025-07-31,72.33900115413262,48,2102
2025-08-01,69.25897219725285,48,2109
2025-08-02,68.8484552553521,48,2110
2025-08-03,69.10733372104737,48,2109
2025-08-04,69.98822897114913,48,2107
2025-08-05,71.190791673972,48,2107
2025-08-06,72.24263427977029,48,2108
2025-08-07,73.10411139498666,48,2108
2025-08-08,72.75605649982698,48,2111
2025-08-09,72.72801404160914,48,2112
2025-08-10,73.09648565021564,48,2112
2025-08-11,74.27131338030131,48,2111
2025-08-12,75.2047014034271,48,2110
2025-08-13,74.9273257796801,48,2103
2025-08-14,74.67327028725437,48,2105
2025-08-15,74.4488153917279,48,2109
2025-08-16,74.03422812012668,48,2110
2025-08-17,74.00901399789332,48,2109
2025-08-18,72.57229312027117,48,2106
2025-08-19,72.64481352269884,48,2104
2025-08-20,71.94716476433577,48,2102
2025-08-21,70.79570509886709,48,2104
2025-08-22,70.99062429332686,48,2107
2025-08-23,70.94468463053983,48,2108
2025-08-24,69.57874076310198,48,2108
2025-08-25,67.70414620587277,48,2102
2025-08-26,66.01812122280508,48,2068
2025-08-27,64.42887998865949,48,2057
2025-08-28,65.08667228565913,44,1834
2025-08-29,65.70652632724607,43,1833
2025-08-30,66.00189642367717,43,1831
2025-08-31,66.77552623048406,43,1832
2025-09-01,67.54397573553305,43,1833
2025-09-02,67.87947004531583,43,1833
2025-09-03,66.57345214195419,43,1833
2025-09-04,65.71440009783039,43,1833
2025-09-05,65.36299218066624,43,1835
2025-09-06,63.59677229072304,43,1837
2025-09-07,62.51999274915271,43,1835
2025-09-08,62.78616840719999,43,1830
2025-09-09,63.83921367376533,43,1828
2025-09-10,65.3591056690501,43,1819
2025-09-11,66.47139959894868,43,1821
2025-09-12,66.22841194852148,43,1819
2025-09-13,66.10392894223268,43,1807
2025-09-14,66.36398324224933,43,1805
2025-09-15,69.18295574652304,41,1015
2025-09-16,66.50102649580886,43,1785
2025-09-17,66.21200981583544,43,1783
2025-09-18,66.1634398697544,43,1820
2025-09-19,66.12175428265353,43,1827
2025-09-20,65.32824808948926,43,1828
2025-09-21,67.28953790808723,42,1059
2025-09-22,66.87918226801037,42,1059
2025-09-23,67.29090914639463,42,1056
2025-09-24,65.76662251802225,43,1821
2025-09-25,65.75449088333527,43,1806
2025-09-26,64.88719494013809,43,1797
2025-09-27,64.57468244026595,43,1794
2025-09-28,65.52034009502168,43,1794
2025-09-29,66.87300804853973,42,1024
2025-10-01,62.477554987813896,44,1841
2025-10-02,62.205569863425694,44,1832
2025-10-03,62.412089983703225,44,1825
2025-10-04,64.06271636758414,43,1041
2025-10-05,60.99143306070534,44,1839
2025-10-06,60.2756038128866,44,1842
2025-10-07,60.961753664394685,44,1841
2025-10-08,59.18594312255954,44,1841
2025-10-09,56.70574783347586,44,1835
2025-10-10,56.213295630391706,44,1827
2025-10-11,56.66791453577771,44,1816
2025-10-12,55.45284000290556,44,1815
2025-10-13,56.214521992579776,43,1045
2025-10-14,55.47195538691926,44,1837
2025-10-15,55.53442682316642,44,1839
2025-10-16,53.98858754642779,44,1840
2025-10-17,54.99276512228994,44,1840
2025-10-18,56.17368248627191,44,1839
2025-10-19,54.64284301436635,44,1839
2025-10-20,51.95740866649446,44,1839
2025-10-21,52.48091870533236,44,1838
2025-10-22,51.33067280052357,44,1841
2025-10-23,49.84645251493107,44,1840
2025-10-24,49.111955909573254,44,1840
2025-10-25,50.0475507462969,44,1840
2025-10-26,49.786645263717055,44,1840
2025-10-27,47.947855512338904,44,1838
2025-10-28,46.54118964852396,44,1841
2025-10-29,46.061168632683135,44,1841
2025-10-30,46.10903682138459,44,1836
2025-10-31,46.034758892375926,44,1840
2025-11-01,46.26762404004832,44,1599
2025-11-02,47.42334179904249,44,1598
2025-11-03,48.1065594957025,48,2939
2025-11-04,49.988532209803736,48,2945
2025-11-05,50.90273187087598,48,2945
2025-11-06,49.690079741618995,48,2956
2025-11-07,49.05721504254575,48,2946
2025-11-08,50.002177349227715,48,2947
2025-11-09,45.403286040486364,48,2948
2025-11-10,40.77675704941179,48,2943
2025-11-11,39.687372604611774,48,2947
2025-11-12,45.450442695103625,48,2950
2025-11-13,48.49993017787481,48,2950
2025-11-14,49.4422128379555,48,2939
2025-11-15,51.745307472496414,48,2950
2025-11-16,49.90035574198239,48,2942
2025-11-17,44.36486896340954,48,2937
2025-11-18,44.71486095752618,48,2939
2025-11-19,45.372800735352996,48,2944
2025-11-20,44.75485337982331,48,2945
2025-11-21,46.218988383480855,48,2941
2025-11-22,47.383042617040935,48,2946
2025-11-23,44.245968480192026,48,2942
2025-11-24,44.24705621718895,48,2940
2025-11-25,45.48129022129745,48,2942
2025-11-26,45.06672798203629,48,2946
2025-11-27,39.05015303056569,48,2938
2025-11-28,34.549341740585014,48,2937
2025-11-29,33.45868142754115,48,2930
2025-11-30,32.89289868902943,48,2925
2025-12-01,31.689406672895416,48,2926
2025-12-02,31.764224540408552,48,2938
2025-12-03,31.104596804711353,48,2936
2025-12-04,29.49277573912782,48,2934
2025-12-05,29.821629785122905,48,2948
2025-12-06,33.538758610399796,48,2941
2025-12-07,33.54227074698437,48,2946
2025-12-08,31.67516946934369,48,2940
2025-12-09,32.186370035231796,48,2943
2025-12-10,38.789013482248144,48,2944
2025-12-11,36.72448264843147,48,2950
2025-12-12,33.72933425598088,48,2946
2025-12-13,32.71443961079274,48,2944
2025-12-14,28.703045842789948,48,2940
2025-12-15,27.385988111679357,48,2938
2025-12-16,34.22832510738259,48,2954
2025-12-17,40.308814135455464,48,2936
2025-12-18,41.71941425990211,48,2935
2025-12-19,40.2313182526073,48,2945
2025-12-20,36.76308651662495,48,2942
2025-12-21,38.93200085256777,48,2944
2025-12-22,39.195350327330544,48,2946
2025-12-23,43.47621053536927,48,2950
2025-12-24,44.87704163561113,48,2944
2025-12-25,44.12080662934307,48,2937
2025-12-26,41.293018977452626,48,2929
2025-12-27,40.16476423457178,48,2928
2025-12-28,37.16519251304174,48,2928
2025-12-29,33.737025531652286,48,2926
2025-12-30,29.09106120780713,48,2931
2025-12-31,32.02601385584753,48,2861
2026-01-01,32.56283528775467,48,2948
2026-01-02,32.82345797175736,48,2946
2026-01-03,33.92533178694662,48,2942
2026-01-04,34.34066673634833,48,2939
2026-01-05,36.099262917878235,48,2927
2026-01-06,40.399706494778286,48,2952
2026-01-07,42.55991298079032,48,2948
2026-01-08,41.7001683035842,48,2891
2026-01-09,41.54289429597936,48,2961
2026-01-10,40.668411352493365,48,2965
2026-01-11,36.62532788480256,48,2955
2026-01-12,35.60265264597339,48,2957
2026-01-13,40.21392707590045,48,2958
2026-01-14,40.66045615352414,48,2956
2026-01-15,33.66875102590537,48,2955
2026-01-16,30.499898459142315,48,2959
2026-01-17,30.847938004926405,48,2949
2026-01-18,28.34832287422324,48,2941
2026-01-19,26.034371127804693,48,2949
2026-01-20,24.380702655676757,48,2951
2026-01-21,29.049580229618474,48,2885
2026-01-22,33.08538596149793,48,2951
2026-01-23,25.22672842082874,48,2955
2026-01-24,15.929348053824079,48,2955
2026-01-25,16.27798711909039,48,2943
2026-01-26,19.556798279409712,46,2000
2026-01-27,21.582252402969896,46,2002
2026-01-28,23.457200491579115,46,2007
2026-01-29,23.67851143792598,46,2006
2026-01-30,23.193226471148183,46,1972
2026-01-31,22.326988964816245,46,1971
2026-02-01,26.502284579687405,43,1835
2026-02-02,30.611079695874523,43,1835
2026-02-03,33.56819282477265,43,1835
2026-02-04,33.59885518657706,44,1836
2026-02-05,33.78935099517076,44,1836
2026-02-06,36.26905185187854,44,1839
2026-02-07,32.81843939533122,44,1836
2026-02-08,32.69854943404283,44,1835
2026-02-09,36.87996974122129,44,1837
2026-02-10,40.52120902967837,44,1839
2026-02-11,39.97421912705677,44,1837
2026-02-12,37.59377219999098,44,1839
2026-02-13,37.960629577123704,44,1836
2026-02-14,39.97588673617321,44,1836
2026-02-15,41.521510595919096,44,1832
2026-02-16,42.32879462116645,44,1830
2026-02-17,41.7760767124073,44,1829
2026-02-18,41.885816264037764,44,1829
2026-02-19,39.143030986927094,44,1831
2026-02-20,36.73116984097696,44,1837
2026-02-21,31.97737038124135,44,1824
2026-02-22,25.90682532737717,14,824
2026-02-23,32.30021022617621,44,1826
2026-02-24,34.77835622886713,44,1826
2026-02-25,40.21558851231028,44,1822
2026-02-26,43.412855735367074,44,1818
2026-02-27,44.48143919072461,44,1813
2026-02-28,44.62764419274857,44,1804
2026-03-01,41.262914386084084,43,1834
2026-03-02,39.89714877192443,43,1837
2026-03-03,44.274661694364724,43,1840
2026-03-04,48.407762772533914,43,1837
2026-03-05,48.120905025413045,43,1836
2026-03-06,48.693647928610154,43,1835
2026-03-07,48.80767804549478,43,1838
2026-03-08,51.099217484348976,43,1834
2026-03-09,52.345973875197586,43,1831
2026-03-10,53.09675933777885,42,1064
2026-03-11,48.94108490903838,44,1818
2026-03-12,44.4213374908838,43,1052
2026-03-13,43.20597361197424,44,1813
2026-03-14,45.34014685905888,44,1800
2026-03-15,44.89925161923674,43,1042
